text,label
"Truyện Kiều, quốc hồn của văn học Việt Nam, tác phẩm duy nhất đủ khả năng đưa tiếng Việt lên một đỉnh cao mới trong văn học trung đại.",Vietnamese
"Với cái tâm của một người nghệ sĩ có “con mắt nhìn suốt sáu cõi, tấm lòng nghĩ suốt nghìn đời”, ông đã tạo nên những trang văn thấm đẫm tinh thần nhân đạo và hiện thực sâu sắc.",Vietnamese
"Cái đau, cái thương lẩn khuất trong hồn văn của ông, khiến mỗi dòng thơ Nguyễn Du viết ra đều như được chắt từ chính sự thống khổ của bản thân.",Vietnamese
Thẩm mỹ tả cảnh ngụ tình là một thi pháp quen thuộc trong văn học trung đại.,Vietnamese
"Đặc trưng của văn học trung đại là sùng cổ, phi ngã và ước lệ.",Vietnamese
"Tả cảnh ngụ tình, tức là mượn cảnh để gửi gắm tâm trạng của nhân vật trữ tình.",Vietnamese
"Ông là người chịu ảnh hưởng mạnh mẽ bởi Nho giáo với các tư tưởng nhân nghĩa và tư tưởng phụng mệnh trời, bên cạnh đó ông còn nổi bật với tư tưởng nhân dân mới mẻ.",Vietnamese
Cảnh ngày hè được viết theo thể thơ thất ngôn Đường luật.,Vietnamese
"Mà ở thơ của Nguyễn Trãi vạn vật vẫn căng tràn sức sống, trào dâng thành hương sắc âm thanh, náo nhiệt rộn rã tươi thắm trong buổi chiều tàn.",Vietnamese
"Không chỉ vậy “tán rợp giương” còn gợi ra hình ảnh xum xuê, xanh tốt của tán cây hòe, chúng mạnh mẽ vươn ra phủ kín cả một khoảng không rộng lớn.",Vietnamese
Một điều đặc sắc nữa của bài thơ là tác giả đã căng mở tất cả các giác quan để cảm nhận một cách tinh tế và tái hiện một cách xuất thần vẻ đẹp của bức tranh thiên nhiên cuộc sống.,Vietnamese
"Mà còn nhìn nhận được tấm lòng thiết tha của tác giả dành cho vận mệnh đất nước, vận mệnh dân tộc.",Vietnamese
Anh thanh niên là nhân vật trung tâm của bức tranh Sa Pa lặng lẽ.,Vietnamese
"Ngợi ca những con người lao động, hi sinh thầm lặng để cống hiến sức mình cho quê hương, đất nước.",Vietnamese
Nhân vật chính trong truyện là anh thanh niên làm công tác khí tượng kiêm vật lý địa cầu.,Vietnamese
"Suy nghĩ và việc làm của anh thể hiện một vẻ đẹp tâm hồn, một tính cách của thế hệ thanh niên.",Vietnamese
Sức thu hút của anh chính là ở thái độ và những suy nghĩ về cuộc sống và công việc của một người sống và làm việc một mình giữa lặng lẽ của thiên nhiên.,Vietnamese
"Đặt nhân vật vào hoàn cảnh thơ mộng mà gian khổ, lãng mạn mà đầy thử thách.",Vietnamese
"Được biết từ việc báo tin về một đám mây khô của anh mà bộ đội ta bắn rơi máy bay địch trên cầu Hàm Rồng, anh thấy thật hạnh phúc.",Vietnamese
"Tinh thần trách nhiệm đã là động lực chính để anh một mình sống, làm việc tận tụy, để anh hiểu được hạnh phúc là làm việc, là cống hiến.",Vietnamese
"Đó là những suy nghĩ sâu sắc, nghiêm túc về nghề nghiệp và về công việc.",Vietnamese
Tình yêu nghề đã làm anh không thấy cô đơn dù một mình anh giữa Sa Pa quanh năm với cây cỏ và mây mù.,Vietnamese
"Anh đã chiến thắng nỗi cô đơn, sự vắng vẻ, chiến thắng hoàn cảnh bằng một cách sống thật nghiêm túc mà cũng thật lãng mạn.",Vietnamese
"Đó là ngôi nhà ba gian với cuộc đời riêng của anh thanh niên thu gọn lại một góc trái gian với chiếc giường con, một bàn học một giá sách.",Vietnamese
"Hồ Chí Minh là một cái tên mà tất cả con dân Việt Nam đều ghi tạc trong tim với một lòng yêu quý, kính trọng vô bờ bến.",Vietnamese
Bài thơ được sáng tác khi Bác bị giải từ nhà lao Tĩnh Tây đến nhà lao Thiên Bảo.,Vietnamese
Bức tranh chiều tối được nhìn qua cặp mắt của người tù tay đeo gông chân vướng xiềng.,Vietnamese
"Buổi chiều thường là lúc đoàn tụ, nhưng cũng là khi con người ta thấy vô cùng cô đơn nếu không có một chốn để về.",Vietnamese
Cánh chim mỏi sau một ngày kiếm ăn cũng đã bay về tổ của mình.,Vietnamese
"Giữa thiên nhiên bao la hùng vĩ, con người và cảnh vật đều như dừng lại, chỉ có chòm mây ấy vẫn nhẹ nhàng trôi, càng làm nổi bật lên sự yên ắng, êm ả của buổi chiều tối nơi rừng núi.",Vietnamese
"Chòm mây ấy cũng giống như Bác, đang trong tình cảnh tù tội, vẫn phải cô độc bước đi.",Vietnamese
"Giữa cảnh buồn của thiên nhiên như trong thơ cổ, cô sơn nữ hiện lên như một điểm sáng, làm cho cả bức tranh trở nên sinh động, vui tươi hơn.",Vietnamese
Cô gái đang miệt mài xay ngô bên lò than rực hồng để chuẩn bị bữa tối.,Vietnamese
"Bức tranh vừa ấm áp bởi cảnh tượng lao động khỏe khoắn của người thôn nữ lao động, vừa bởi cái ánh hồng của bếp lò.",Vietnamese
"Đó chỉ là một thứ hạnh phúc bình dị, vậy mà Bác vẫn gạt bỏ hết những đau đớn, mệt mỏi về thân xác để cảm nhận được.",Vietnamese
"Bài thơ chỉ đơn giản là tả về phong cảnh thiên nhiên và con người nơi xóm núi khi chiều muộn, đồng thời, cũng ẩn chứa trong đó nỗi niềm ước mong được tự do, được sum họp của Người.",Vietnamese
"Bài thơ được sáng tác trong thời kì cuộc kháng chiến chống Mĩ đang diễn ra rất gay go, ác liệt.",Vietnamese
Sự nghiệp cầm bút của Nguyễn Tuân đạt được rất nhiều thành tựu kể cả trước và sau cách mạng.,Vietnamese
"Dòng sông không trôi giữa đôi bờ “cát trắng phẳng lì” thơ mộng mà bờ sông “dựng vách thành”, cao vút, dựng đứng.",Vietnamese
"Người ta thấy hiện ra trước mắt là một khúc sông Đà vừa sâu, vừa hẹp, vừa tối, vừa lạnh đủ để bất kỳ ai đến đây cũng phải rùng mình sợ hãi.",Vietnamese
"Kết cấu trùng điệp, nhịp văn nhanh mạnh khiến người đọc không khỏi hãi hùng trước những âm thanh của sóng, gió, nước, đá.",Vietnamese
Hình ảnh so sánh này vừa gợi độ sâu hun hút của những cái xoáy nước vừa khiến người đọc khiếp sợ khi hình dung ra nó.,Vietnamese
Càng sợ hãi hơn khi đọc những câu văn miêu tả âm thanh của những cái hút nước.,Vietnamese
Ngòi bút sắc sảo của Nguyễn Tuân khiến người đọc cảm giác như đang được xem một bộ phim hành động hấp dẫn nhưng cũng vô cùng đáng sợ.,Vietnamese
Nhà văn hướng người đọc chú ý vào âm thanh của chúng và miêu tả lần lượt theo trình tự từ xa đến gần.,Vietnamese
Cách kết hợp khéo léo giữa so sánh và nhân hoá này đã khiến sông Đà hiện lên với một tâm địa phức tạp.,Vietnamese
"Mùa xuân dòng xanh ngọc bích, vừa trong xanh vừa óng ánh.",Vietnamese
Thu sang nước sông chín đỏ như da mặt người bầm đi vì rượu bữa.,Vietnamese
"Trên phương diện hành chính quan phương, đây là một văn kiện lịch sử nhằm thông báo, tuyên bố rộng rãi về nền độc lập của dân tộc sau nhiều năm gian truân, khổ cực, “tướng sĩ một lòng”.",Vietnamese
"Nhưng Bình Ngô đại cáo là một bản đại cáo khác xa với ý nghĩa thông thường, mang tính thời vụ đó.",Vietnamese
"Bởi cốt lõi nhân nghĩa mà Ức Trai tôn thờ là yên dân, làm cho nhân dân có cuộc sống yên ổn, hạnh phúc.",Vietnamese
"Tức là vì thương dân mà phải diệt trừ lũ bạo ngược đã hại dân, bao gồm bọn giặc Minh với ách đô hộ đầy hà khắc và cả bọn bán nước trục lợi, cầu vinh.",Vietnamese
Biết dựa sức mạnh vào dân là phương kế chính trị lớn lao đem lại thắng lợi to lớn cho dân tộc ở mọi thời đại.,Vietnamese
"Từ lập trường nhân nghĩa ấy, tác giả đã xây dựng một cơ sở lý luận vững chắc, nêu lên được luận đề chính nghĩa ở ngay phần mở đầu của bài cáo.",Vietnamese
Đây là đoạn văn đã chạm khắc vào lịch sử dân tộc những giá trị bất khả xâm phạm về nền độc lập một cách đầy đủ nhất.,Vietnamese
"Văn hiến, núi sông bờ cõi, phong tục, lịch sử và hào kiệt Đại Việt ta so với Đại Hán, Bắc phương đều có cả, thậm chí tương xứng, song hành.",Vietnamese
"Hiện tại chúng tôi xin để các câu hỏi ở đây, khi nào gia đình xử lý xong việc nợ nần sẽ quay lại trả lời sau.",Vietnamese
"Hoặc, quí vị bà con có thể tự vô trả lời lẫn nhau để không khí thêm xôm tụ.",Vietnamese
Không bao giờ biết chùn bước trước bất cứ khó khăn nào.,Vietnamese
Cuộc sống hiện đại khoa học kĩ thuật tiến bộ thói quen hằng ngày không gói gọn trong bốn bức tường chỉ có học học và học.,Vietnamese
Thời gian hằng ngày dường như được mở rộng hơn với rất nhiều những hoạt động thú vị như chiến dịch mùa hè xanh.,Vietnamese
"Trên thế giới, có rất nhiều người đã đạt được thành công của riêng mình, họ đều có bí quyết, nhưng họ cũng không ngần ngại mà chia sẻ cho mọi người để học tập theo.",Vietnamese
Thành công chỉ đến khi chúng ta cố gắng hết sức và không ngừng hoàn thiện bản thân mình.,Vietnamese
"Cố gắng hết sức là khi bạn không bao giờ bỏ cuộc khi khó khăn ập tới, luôn tìm ra những cách giải quyết để vượt qua những thử thách đó.",Vietnamese
Chỉ có con người là ngay từ thuở lọt lòng thì chẳng là gì cả.,Vietnamese
"Đúng vậy, con người không hề có một chút bản năng đặc biệt nào, tất cả mọi thứ hoàn toàn phụ thuộc vào người khác, phải trải qua sự rèn luyện, tập tành mới có được khả năng.",Vietnamese
"Con người khi sinh ra vốn chẳng biết gì, chỉ nhắm nghiền đôi mắt bé xíu và oa oa oà lên những tiếng khóc đòi bú mẹ, thật sự chẳng thể nào chạm được tới mẹ.",Vietnamese
"Hai tháng biết lật, ba tháng biết bò, sáu tháng chập chững biết đi, mười tháng bắt đầu hoàn thiện bước đi của mình.",Vietnamese
"Giống như trong học tập đâu phải ai mới đầu cũng được ngồi trên chiếc ghế đại học, mà phải bắt đầu từ lớp một, trải qua mười hai năm rèn luyện gian khổ mới được ngồi vững trên chiếc ghế ấy.",Vietnamese
"Bên cạnh là những kẻ chỉ biết trông chờ vào người khác, không biết tự nỗ lực bản thân trong học hành cũng như trong công việc.",Vietnamese
Đó chính là bệnh thành tích trong giáo dục cùng với những tiêu cực trong thi cử.,Vietnamese
"Kết quả đó không chỉ là một lợi ích vật chất hay tinh thần cá nhân, tuy rằng phần lớn yếu tố tạo nên động lực khiến con người phải nỗ lực nhiều hơn, tốt hơn để đạt thành tích chính là lợi ích cho mình.",Vietnamese
"Nhưng con người vẫn có thể làm hết sức mình vì lợi ích chung, lợi ích của xã hội, của đất nước.",Vietnamese
"Xét từ phía ngành giáo dục, thành tích giáo dục là thước đo sự thành công trong nghề nghiệp của giáo viên nói riêng, của nhà trường và địa phương nói chung.",Vietnamese
"Đáng tiếc thay, trong thời gian qua, chính ngành giáo dục lại ""thiết kế"" ra thước đo trên bằng các chỉ tiêu giáo dục khô cứng.",Vietnamese
"Giáo dục chính là điểm xuất phát, là nơi sản sinh ra nguồn năng lực cho sự cường thịnh của một nước, một cộng đồng dân tộc.",Vietnamese
"Đất nước chúng ta đang tiến bước trên con đường đổi mới, mở cửa, hội nhập và tranh đua với thế giới để giành lấy một vi trí xứng đáng trên hành tinh này.",Vietnamese
"Vì vậy, chúng ta hãy cùng chung tay góp sức để đẩy lùi những tiêu cực và bệnh thành tích ấy, để đưa nước Việt Nam ta ngày càng phát triển vững mạnh.",Vietnamese
Những phẩm chất cao quí trong tâm hồn con người luôn là một mục tiêu mà chúng ta vươn tới.,Vietnamese
"Nó không quá cao siêu, chỉ là những gì nhỏ nhất đủ để đánh giá một con người.",Vietnamese
"Nghĩ phải đi đôi với hành động, và những phẩm chất đó cũng cần hành động để thể hiện chúng ta.",Vietnamese
"Vào một ngày cuối tháng 3, trong một tâm trạng chán chường và tuyệt vọng, tôi đến nhà sách Thăng Long trên đường Xô Viết Nghệ Tĩnh để tìm mua vài cuốn sách.",Vietnamese
"Tình cờ dừng chân ở quầy sách Văn Hóa Nghệ Thuật, cầm một cuốn sách bâng quơ đọc vội vài trang, tôi bị cuốn hút ngay vào những trang viết.",Vietnamese
"Công việc này đòi hỏi người kế toán phải biết cách sắp xếp, xử lý, giải quyết công việc một cách khoa học theo trình tự thời gian, và theo từng mức độ quan trọng.",Vietnamese
"Chính vì điều đó, tôi luôn muốn hoàn thành nhanh và sớm các công việc được giao hơn các đồng nghiệp khác, với mong muốn làm ngắn lại con đường đi đến thành công.",Vietnamese
"Tự đặt rào cản về thời gian cho mình, phải hoàn thành nhiều công việc cùng một lúc và trước tiến độ, tôi nghĩ rằng như thế năng lực của mình sẽ được nhìn nhận và đánh giá cao.",Vietnamese
"Bao suy nghĩ tiêu cực về bản thân cứ như những gam màu tối cứ bị vẽ ra trong đầu tôi, tôi ngày càng sống khép mình, chui vào vỏ ốc, lủi thủi làm việc.",Vietnamese
"Nghĩa là ngọc mà không được mài dũa thì không thể trở thành món đồ có giá trị, cũng như người mà không học thì không biết được lý lẽ.",Vietnamese
"Trước hết là chúng ta “học để biết”, để nhận thức được đúng, sai, tốt, xấu, hiểu rõ được các vấn đề.",Vietnamese
"Hai phạm trù này luôn sóng đôi với nhau, bổ sung cho nhau và không thể tách rời được.",Vietnamese
"Từ đó tạo cho nền tảng phát triển vững chắc, có năng lực trong công việc chuyên môn, rèn luyện nhân cách bản thân tốt đẹp hơn, góp phần xây dựng xã hội văn minh, hiện đại, tiến bộ hơn.",Vietnamese
"Mùa xuân là mùa đẹp nhất trong năm, tuổi trẻ của thanh niên cũng như mùa xuân.",Vietnamese
Người làm nội dung không nghĩ ra nội dung.,Vietnamese
Một cột khói lớn đang bốc lên dữ dội ở đường Đê La Thành nhỏ.,Vietnamese
"Để cùng đồng hành với hai đội bóng đại diện Việt Nam trên đấu trường khu vực, fan hâm mộ không nên bỏ qua 3 điều sau.",Vietnamese
Nhìn vào mắt em cười lúc em đang có chuyện kể lại.,Vietnamese
Đan hai chân vào nhau thật chặt khi em thu mình dưới ánh trăng.,Vietnamese
"Khi môi em không bao giờ nguội, anh vẫn không cần, không cần, không cần.",Vietnamese
"Tuần vừa qua, quá nhiều việc anh không muốn nghĩ lại nên hôm nay: kế hoạch không có kế hoạch.",Vietnamese
"Mỡ trong chảo bắn lên, cà phê phin thì chảy xuống.",Vietnamese
ถนนมิตรภาพ รถหนาแน่น เริ่มติดสะสม เร่งเปิดช่องทางพิเศษ ช่วงใกล้รอยต่อโคราช-สระบุรี ขณะสาย 24 รถแน่นแต่ยังเคลื่อนตัวได้ดี,Thai
เนื่องจากการจราจรในช่วงดังกล่าว มีรถสะสมจำนวนมาก ทำให้เคลื่อนตัวได้ช้า สลับหยุดนิ่ง แต่เมื่อผ่านจุดนี้ไปแล้ว สามารถทำความเร็วได้ตามกฎหมายกำหนด,Thai
เจ้าหน้าที่ฯ ต้องรีบนำรถดับเพลิงออกระงับเหตุ เพื่อไม่ให้เกิดผลกระทบต่อผู้ที่สัญจรขับขี่เดินทางกลับกรุงเทพฯ,Thai
การอดนอนก่อนออกเที่ยวก็เหมือนไปรบแบบไม่เต็มร้อย เมื่อร่างกายไม่พร้อมก็ย่อมส่งผลให้ระบบประสาททำงานไม่ดีจนเมาเรือง่ายได้เหมือนกัน,Thai
หลายคนอาจคิดว่าถ้าไม่ได้กินอะไรเข้าไป ก็จะไม่มีอะไรออกมา แต่กลับกันเมื่อมันจะออก ก็ย่อมมีอะไรให้ออกเหมือนกัน ดังนั้นเราจึงไม่ควรปล่อยให้ท้องว่างหรืออิ่มเกินไปอย่างน้อยสัก 30 นาที,Thai
การนั่งหน้าและมองไปข้างหน้าทำให้ตาและหูรับรู้การเคลื่อนไหวของเรือได้ดีขึ้น รวมถึงหาที่ที่มีอากาศถ่ายเทมองเห็นวิวไกลให้ระบบร่างกายรู้สึกตัวว่ากำลังเคลื่อนไหวอยู่ และมีสมาธิมากขึ้น,Thai
การหายใจเข้าออกในจังหวะที่สม่ำเสมอกันจะช่วยให้ร่างกายได้รู้สึกผ่อนคลายมากขึ้น,Thai
การเคี้ยวหมากฝรั่งจะช่วยกระตุ้นการทำงานของระบบประสาทหูลดอาการโคลงเคลงของเรือ,Thai
สตรีผู้เป็นนางร้ายที่คนทั้งเมืองหลวงต่างเกลียดชัง คู่หมั้นก็ไม่ใส่ใจ สุดท้ายยังทำผิดจนถูกเนรเทศให้เเต่งงานกับชาวบ้านที่ยากจนในเขตชนบทเพื่อลงโทษ,Thai
ท็อป ชายหนุ่มนักศึกษาปี 3ที่พึ่งอกหักจากคนรักและเมามายด้วยความโสกเศร้าได้พบกับระบบที่จะเปลี่ยนชีวิตของเขาไปตลอดกาล,Thai
เนื่องจากช่วงนี้มีเวลาว่าง  เลยอยากลองหาประสบการณ์ด้านงานแปลค่ะ โดยส่วนตัวชอบมังงะ มันฮวา ค่ะ ตามอ่านของคนอื่นแล้วอยากลองเป็นของตัวเองบ้างค่ะ ใครพอจะมีคำแนะนำบ้างไหมค่ะ หรือจะให้เป็นผู้ช่วยได้ค่ะ พร้อมจะเรียนรู้ค่ะ,Thai
สำคัญที่สุดคือเริ่มจากมีความรู้ภาษาและวัฒนธรรมของงานที่เราแปลกับรู้ภาษาไทย พวกคำถูกต้องและการแต่งประโยค แปลเสร็จก็ลองกลับมาอ่านดูว่าแปลถูกไหม อ่านเข้าใจไหม,Thai
คณะครุศาสตร์ สาขาวิชาจิตวิทยาการปรึกษา การแนะแนวและการศึกษาพิเศษ วิชาเอกจิตวิทยาการปรึกษาและแนะแนว,Thai
เมื่อเปิดระเบียบการรับสมัครของแต่ละมหาวิทยาลัยขึ้นมา น้องๆ จะต้องอ่านข้อมูลต่างๆ ให้ครบถ้วน อ่านให้ครบทุกบรรทัด ทุกตัวอักษรเลย ซึ่งปกติแล้วระเบียบการจะมีองค์ประกอบหลักๆ ที่น้องๆ ควรจะต้องรู้ และทำความเข้าใจ,Thai
มหาวิทยาลัยจะประกาศกำหนดการ หรือปฏิทินการสมัครเอาไว้เพื่อให้ได้เตรียมตัวกันว่า มหาวิทยาลัยจะเปิด-ปิดรับสมัครเมื่อไหร่ ต้องส่งเอกสารเมื่อไหร่ ชำระค่าสมัครภายในเมื่อไหร่ ประกาศรายชื่อมีสิทธิ์สอบสัมภาษณ์วันไหน,Thai
บางมหาวิทยาลัยจะมีประกาศค่าเล่าเรียน หรือค่าเทอมของสาขาวิชาต่างๆ ไว้ด้วย เพื่อให้น้องๆ ได้ทราบตั้งแต่ก่อนการยื่นสมัครเลย,Thai
รู้เท่าทันธรรมดาของสิ่งทั้งหลาย รู้แจ้งความจริงของโลกและชีวิต ทำให้วางใจถูกต้องต่อทุกสิ่งทุกอย่าง สามารถแก้ ปัญหาชีวิต ขจัดความทุกข์ในจิตใจของตนได้ หลุดพ้นจากความยึดติดถือมั่นในสิ่งทั้งหลาย ดำเนินชีวิตด้วยปัญญาอย่างแท้จริง,Thai
ได้เรียนรู้เรื่องเกี่ยวกับตนเองและผู้ที่อยู่รอบข้าง ตลอดจนสภาพแวดล้อมในท้องถิ่น ที่อยู่อาศัยและเชื่องโยงประสบ การณ์ไปสู่โลกกว้าง,Thai
มีเด็กหลายคนที่ไม่ชอบเรียนวิชาสังคมศึกษา ศาสนา และวัฒนธรรม แต่ต้องเรียน เพราะหลักสูตรกำหนดให้เรียน และต้องใช้ผลการเรียนเพื่อศึกษาต่อในระดับที่สูงขึ้น,Thai
ให้เด็กๆบันทึกสิ่งที่ได้เรียนรู้ นำเสนอให้เพื่อนฟัง และให้เพื่อนแต่ละกลุ่มให้ข้อเสนอแนะเพิ่มเติม จากนั้นครูและเด็กหาข้อสรุปร่วมกันและหาแนวปฏิบัติที่สามารถนำไปใช้ได้ในชีวิตจริง,Thai
การได้รู้ ได้กระจ่างจากเรื่องหนึ่ง โดยอย่างยิ่งถ้ามันสามารถเปลี่ยนทัศนคติเราได้ ย่อมเป็นเรื่องที่ดี และบางทีมันก็สำคัญด้วยว่า ต้องใช้เวลานานแค่ไหนถึงจะรู้กระจ่างในเรื่องนั้น,Thai
ความรัก มีทั้งความหลากหลาย และความละเอียดอ่อน แม้ยุคปัจจุบัน ความรักจะก้าวข้ามข้อจำกัดเรื่องเพศ เรื่องขนบต่าง ๆ มีสิทธิเสรีมากเพียงใด แต่ความสมหวัง หรือผิดหวัง ก็ยังมีพื้นฐานสาเหตุไม่ต่างจากเดิมเท่าไร,Thai
"เคยไหม? เวลาเห็นคนอื่นทำอะไรแล้ว เขาสำเร็จ, ได้เงิน, หรือดูมีความสุข ไม่ว่าจะเป็นการลงทุน การทำงานอดิเรก หรือท่องเที่ยว แว็บแรก เราก็อยากทำเหมือนเขาบ้าง แต่พอไป ๆ มา ๆ เราก็ขี้เกียจไม่อยากเริ่มต้น ทั้งที่ก็อยากได้แบบเขาอยู่นะ",Thai
บางทีสิ่งที่น่ากลัวกว่า “ความล้มเหลว” คือ “คนที่เฝ้ามองเรา” ล้มเหลว,Thai
วิธีที่ดีที่สุด ถ้าไม่อยากเจอความล้มเหลว หรือประสบความล้มเหลวน้อยที่สุด คือ การวางแผนอย่างรอบคอบ และลงมือทำอย่างจริงจัง ย้ำตรง “รอบคอบ” และ “จริงจัง” แต่ในเมื่อความสำเร็จก็ไม่มีสิ่งใดการันตีได้เช่นกัน มันก็มีความหมายไม่ต่างกับว่าเรายังมีโอกาสล้มเหลวอยู่ดี,Thai
หนึ่งวิธีหลีกหนีความล้มเหลว คือ การปรับสิ่งแวดล้อมของเรา ไม่ว่าจะจากคนอื่นที่เฝ้ามองเรา หรือการที่เราไปเฝ้ามองคนอื่นก็ตาม ในสิ่งที่อาจกระทบความเชื่อมั่น หรือไม่สร้างสรรค์ต่อเป้าหมายที่เรากำลังกระทำ,Thai
แม้ชีวิตจะต้องเดินเปียกปอน เหม็นกลิ่นโคลน เปรอะเปื้อน แต่มันก็ล้างได้ ทำความสะอาดได้ หรือไม่ สุดท้ายก็ต้องเหือดแห้ง จางหายไปในช่วงเวลาหนึ่งอยู่ดี,Thai
น่าเสียดายแทนอินโดนีเซียจัง ... รวมถึงเสียดายแทนไทยด้วยที่อาจจะไม่ได้ลับแข้งกับทีมที่แข็งแกร่งอย่างอินโด,Thai
สงกรานต์ขอปะแป้งหน่อยได้ไหม แฮร่!! เราจะพาชาวแก๊งค์ไปสาดความมันส์ไปพร้อมกัน,Thai
สงกรานต์ปีนี้พี่โตขึ้นเยอะเลย เข้าใจและตั้งใจมากขึ้น แม่ไม่ต้องพูดเยอะแล้ววว,Thai
การให้ที่ยิ่งใหญ่ในพระพุทธศาสนาไม่ต้องใช้เงินนะ บางคนเคยได้ยินได้ฟังมาการถวายมหาทานที่ยิ่งใหญ่นี่ต้องทำบุญทีละมากๆ,Thai
วัยรุ่นสีคิ้ว เดือดทะลุปรอท! ตีกันส่งท้ายสงกรานต์65 ใช้ปืนตบหน้า ปืนลั่นโดนลูกหลงเจ็บ,Thai
3 นักบินอวกาศชาวจีน เสร็จสิ้นภารกิจอันยาวนานบนสถานีอวกาศเทียนกง เดินทางกลับสู่โลกโดยสวัสดิภาพแล้วในวันนี้,Thai
"บทสวดมนต์ที่วิเศษที่สุดก็คือ 'พุทธคุณ ธรรมคุณ สังฆคุณ' ""...มนต์อันใดที่มีแนวโน้มไปในทางไสยศาสตร์ มนต์อันนั้นทำให้จิตร้อน เพราะมันมีพลังร้อน",Thai
“เวลากรรมบังนี่ มันโง่ทุกคนเลยว่ะ” หลวงปู่ศุข เมตตาเตือนสติ,Thai
ดาราหนุ่ม แจ้งความแล้ว อ้างแค่เข้าไปคุยนางแบบโต๊ะข้างๆ กลับถูกทำร้าย⁣,Thai
ทรงน้ำขอพรจากคุณแม่ทันครับ ขอให้แม่มีสุขภาพแข็งแรงเด้อครับ อยู่ฮ่มบุญ ฮ่มบารมีให้ลูกไปโดนๆเด้อครับ อยากสิบอกแม่ว่าฮักแม่ที่สุดในโลกเด้อ,Thai
ปีที่แล้วพี่แจ็คสู้กับโลกซึมเศร้าอย่างหนักเลยแต่ก็ดีใจที่พี่กล้าที่จะเล่าให้ฟังแล้วอะ เพราะปกติเก็บไว้คนเดียวไม่คิดจะพูดเรื่องนี้กะใครจริงๆ,Thai
เราหลบอยู่หลังความไร้ตัวตนบนโลกโซเชียลเพื่อทำร้ายใครก็ได้งั้นหรอ,Thai
"กุงงนะ ลิซ่าไปด้วยความสามารถตัวเองล้วนๆ ออดิชั่นได้ที่1จาก4,000คน กว่าจะดังระดับโลกถึงทุกวันนี้ มันไม่น่าชื่นชมตรงไหนอะ",Thai
จัดหนัก จัดจริง ชั่วจิต อลัชชี หลงกาม,Thai
ค่อยๆอ่านบทความของเขาย้อนๆขึ้นไปเรื่อยๆกลัวเหมือนกันนะ อย่างน้อยเราควรตระหนักถึงโลกเราตอนนี้,Thai
เป็นสารคดีที่ทั้งน่ารักและเปิดโลกเกี่ยวกับการฝึกสุนัขนำทางสำหรับผู้พิการทางสายตามากค่ะ,Thai
ดราม่าดังๆที่เค้าด่ากันไม่ใช่เรื่องวีแกนออกมาพูดเรื่องโลกร้อนจ้า แต่เป็นเรื่องวีแกนชี้หน้าด่าคนแดกเนื้อเป็นฆาตรกร,Thai
พูดได้ไหมพี่จี้ นุนิวสวยมาก การขยับตัวนิดหน่อย จริตเรียบๆแต่แพงเว่อ ดูสวยแบบผู้ลากมากดี สวยแบบเทิดทูน สวยแบบบนโลกใบนี้โรยด้วยดอกไม้,Thai
น้องแบมดีมากที่สุดเท่าที่ไอดอลคนนึงจะเป็นให้แฟนคลับได้อ่ะ ความสามารถน้องมันระดับโลกแล้วจริงๆแต่ไม่รู้สึกถึงระยะห่างระหว่างศิลปินกับแฟนคลับ,Thai
แมน ออฟ เดอะ แมทข์ นัดชิง ตัวจริงฟอร์มเทพรับแชมป์โลก,Thai
วันหยุดใกล้หมดแล้ววววว หวังว่าทุกคนจะชาร์จแบตเติมพลังใจกันเต็มที่น้า นี่เป็นอีกหนึ่งคนที่เวลาไปเที่ยวชอบฟังเสียงลมเสียงน้ำเสียงคลื่น,Thai
รองโฆษกรัฐบาล จาก ปชป. เผยรู้สึกแย่-พูดไม่ออก เคส 'ปริญญ์' ยอมรับส่งผลกระทบต่อพรรคอย่างมาก,Thai
ผู้นำประเทศที่นำประเทศไปสู่สงครามเพียงเพื่อจะได้ไปอยู่ใต้อำนาจนาโตและสหรัฐฯท่านว่าเป็นผู้นำที่โง่หรือฉลาดกันแน่,Thai
ขอบคุณที่มาสตรีมค่ะ คิดถึงการสตรีมของพี่เอกมากกก แม้ว่าจะดูคลิปทุกวัน ก็ยังคิดถึง ชอบการเม้ามอยกันแบบนี้มาก ในช่องแชทคือสนุกสนานกันมากกกก,Thai
ยังจำความรู้สึกตอนแรกได้อยู่เลยตอนพี่เอกสตีมเกมนี้ครั้งแรก ฉากเปิดเรื่องนี้ทำให้ขนลุกสุดๆเลย,Thai
วิชานี้สนุกมากก ชอบความที่คุยเรื่องเซ็กซ์กันได้ไหลลื่น เปิดเผยมากค่ะ มันทำให้ได้ความรู้อะไรอีกเยอะเลย,Thai
เริ่มต้นที่ทำตัวขนมปังกันค่ะ ใส่นมสดเย็นลงในอ่างผสม ตามด้วยน้ำตาลทราย เกลือ และยีสต์ ตีส่วนผสมทุกอย่างด้วยตะกร้อมือให้เข้ากันดี,Thai
ระหว่างรอขนมปังเย็น มาทำไส้ครีมชีสกัน ส่วนผสมมีครีมชีสและน้ำตาลทราย คนส่วนผสมให้เข้ากันจนน้ำตาลละลาย ตักใส่ถุงบีบ,Thai
จ๊ะเอ๋ ! นั่นแน่ใครแอบกลืนน้ำลายสารภาพมา วันหยุดจองครัวทำเมนูขนมปังครีมชีสกระเทียมกันเลยดีไหมคะ แม้จะต้องพักแป้งถึง 3 ครั้งและอบ 2 ครั้ง แต่ถ้าลองได้ทำกินจะคุ้มมาก ๆ เลยค่ะ,Thai
ศูนย์กลางของราชวงศ์พระร่วงอยู่ที่เมืองสุโขทัยและเมืองศรีสัชนาลัยในลุ่มแม่น้ำยม อันเป็นเมืองศูนย์กลางราชธานีของราชอาณาจักรสุโขทัย,Thai
ราชวงศ์พระร่วง เป็นราชวงศ์ที่ปกครองอาณาจักรสุโขทัยซึ่งเคยมีอำนาจครอบคลุมพื้นที่ลุ่มแม่น้ำ,Thai
นับแต่นั้นราชวงศ์สุพรรณภูมิก็ปกครองเมืองพิษณุโลกต่อมาอีกหลายสมัยและอาณาจักรสุโขทัยกับอาณาจักรอยุธยาก็รวมเป็นอันหนึ่งอันเดียวกัน,Thai
เป็นรูปวงกลมมีรูตรงกลางคล้ายกำไลหรือโดนัท ทำจากแป้งข้าวเหนียวนวดกับน้ำและมะพร้าวขูด นำไปคลุกกับงาขาวแล้วต่อให้เป็นวงกลม ทอดในน้ำมันให้สุก,Thai
"ต้มยำ เป็นแกงไทยที่มีรสเปรี้ยวเผ็ด ต้มยำเป็นอาหารที่รู้จัก และมีชื่อเสียงไปทั่วโลก คำว่า ""ต้มยำ"" มาจากคำภาษาไทย 2 คำ คือ ""ต้ม"" และ ""ยำ""",Thai
เครื่องพริกแกงต้มยำสำเร็จรูป ทำจากการบดส่วนประกอบของสมุนไพรเครื่องต้มยำ นำไปผัดในน้ำมันเติมด้วยเครื่องปรุงรสและอื่นที่ช่วยถนอมอาหาร,Thai
ต้มยำเป็นอาหารพื้นเมืองที่คนไทยคุ้นเคยดี เพราะมีให้รับประทานทุกภาคและเป็นที่นิยมสำหรับชาวต่างชาติด้วย หนึ่งในเมนูต้มยำที่มีชื่อเสียงระดับโลก คือ ต้มยำกุ้ง,Thai
ผลมะนาวโดยทั่วไปมีขนาดเส้นผ่านศูนย์กลางประมาณ 4 – 4.5 เซนติเมตร ต้นมะนาวเป็นไม้พุ่มเตี้ย สูงเต็มที่ราว 5 เมตร ก้านมีหนามเล็กน้อย มักมีใบดก,Thai
"ส้มนาวเป็นภาษาใต้ที่ใช้เรียกมะนาว เช่นเดียวกับทางภาคอีสานเรียกผลไม้บางอย่างว่า""บัก""ในการขึ้นต้น เช่นบักม่วงที่หมายถึงมะม่วง",Thai
ระเบิดนั้นยังอาจจัดกลุ่มตามปริมาณพลังงานที่ปล่อยออกมาเมื่อจุดระเบิด และจากผลลัพธ์ที่เกิดขึ้น ระเบิดอำนาจสูงในยุคใหม่ส่วนใหญ่จะเป็นแบบเสถียร และไม่มีความไว,Thai
ผู้เชี่ยวชาญโดยทั่วไปได้จำแนกความแตกต่างระหว่างระเบิดของพลเรือนและระเบิดของทหารออกจากกัน ต่อมาภายหลังเกือบจะเป็นอาวุธที่ผลิตโดยทั่วไป,Thai
พื่อทำให้ได้สำเร็จ ซักเคอร์เบิร์กได้แฮกเข้าไปในเครือข่ายคอมพิวเตอร์ของฮาวาร์ดในพื้นที่ป้องกัน และได้คัดลอกภาพส่วนตัวประจำหอพัก ซึ่งในขณะนั้นฮาวาร์ดยังไม่มีสารบัญรูปภาพและข้อมูลพื้นฐานของนักศึกษา,Thai
สมาพันธ์ฟุตบอลเอเชีย ออกระเบียบว่าด้วยความเป็นสโมสรฟุตบอลอาชีพอย่างสมบูรณ์แบบ เป็นผลให้สมาคมฯ ต้องดำเนินการจัดตั้งนิติบุคคลเพื่อบริหารลีกและจัดการแข่งขันแทนที่ สมาคมฟุตบอลแห่งประเทศไทยฯ,Thai
ต่อมาได้มีการจัดตั้ง บริษัท ไทยลีก จำกัด ขึ้นมาแทน บจก.พรีเมียร์ลีกไทยแลนด์ ตามคำแนะนำของ สมาพันธ์ฟุตบอลเอเชีย และ สหพันธ์ฟุตบอลระหว่างประเทศ โดยได้โอนหุ้นจำนวน 99.98% ที่ทางนายกสมาคมฯ ถือไว้ให้กับสมาคมกีฬาฟุตบอลแห่งประเทศไทย,Thai
เพราะอะไรกันนะ ทำไมคนที่ฉันขอให้มาช่วยโปรโมทสีเขียวถึงได้ไปเชียร์สีอื่นกันซะหมด ไม่เข้าใจจริงๆ,Thai
"""โอ้~นี่ๆ ฟังทางนี้หน่อยสิ~ในฐานะกรรมการแล้วฉันมีบางเรื่องที่อยากจะประกาศสักหน่อย~น่ะ...""",Thai
"""ตลอดกิจกรรมเสียงเชียร์ของกองเชียร์ก็จะมีผลต่อคะแนนใช่ไหมล่ะ ดังนั้นความรู้สึกที่ทุกคนอยากจะช่วยทำคะแนนให้ทีมที่ชอบเยอะๆน่ะ ทางนี้ก็เข้าใจดีเลยล่ะนะ~""",Thai
จะว่าไปก็ดีอยู่หรอกที่หมอนั่นทำให้กองเชียร์กลับมาลุกฮือได้ขนาดนี้ แต่...,Thai
"""ถอยไปซะ ของจริงจะเริ่มหลังจากนี้ต่างหาก เตรียมตัวไว้ให้ดีล่ะ""",Thai
 โฮ่ยเอส ! ในสีไม่ได้มีแค่นายคนเดียวนะเฟ้ย แบ่งซีนให้คนในทีมบ้างสิ ! ,Thai
"""...แหมๆ...ก็แค่มีคนใช้ไฟในสีเกินสองคน...ไม่ทำให้ฉันละลายกลายไปเป็นน้ำได้หรอกนะ...อย่าเข้าใจผิดซะสิ...อย่างน้อยๆ...ฉันก็เป็นพลเรือเอกเชียวนะ...""",Thai
อนึ่ง สำหรับคนที่อยากขาย/โปรโมท สามารถโควท/เมนชั่นได้ตามอัธยาศัยเลยค่ะ รวมถึงบอทด้วยทุกท่านก็เช่นกัน,Thai
ก็เฉยๆนะกับพวกพี่อะ เราก็ไม่ได้คิดว่าหล่ออะไรขนาดนั้น ก็แค่แบบทำไมมันเก๊กได้ขนาดนั้น แต่เห้ยหล่อวะ โอ้ยไม่ได้คิดว่ามันหล่อ คือเราไม่เคยปฏิเสธหัวใจตัวเองนะ หล่อตรงไหนอะ พระเจ้ารักเทอจัง,Thai
ผมว่าคุณเอนมุเขาก็รสนิยมดีเหมือนกันนะครับเนี่ย ไหนๆก็เคยหลงทางมาหาเรื่องแถวเอโดะจนรู้จักมักจี่กัน ผมจะขอร่วมเชียร์ในงาน,Thai
ตื่นยังคะคนเก่ง ขอให้เป็นวันที่ดี มีความสุขกับเรื่องเล็กๆรอบตัว ได้ยิ้มได้หัวเราะจนตาปิด ได้ใช้ชีวิตในแบบที่ต้องการนะคะ,Thai
ศาลอาญากรุงเทพใต้ มีคำสั่งอนุญาตปล่อยชั่วคราว นายปริญญ์ พานิชภักดิ์ อดีตรองหัวหน้าพรรคประชาธิปัตย์,Thai
"แฟนคลับให้มะม่วง ""ดีเจต้นหอม"" มา แต่เกิดเหตุการณ์แบบนี้ขึ้นก่อน ฮาหนักมาก!!",Thai
ในขณะที่ซึงฮยอนกับอึนกังกำลังเดินเล่นบนชายหาดที่เงียบสงบ ทั้งคู่ก็พบศพผู้หญิงสาวคนที่ซึงฮยอนเคยเจอที่คลับอัลโต้,Thai
ภาพถ่ายสุดครีเอทของคู่รักระยะไกล..ที่จะพิสูจน์ว่าการถ่ายรูปคู่กันนั้นระยะทางไม่ใช่ปัญหาอีกต่อไป!!,Thai
ไปดูโมเม้นต์หวานๆของ ‘ปอ’และ’โบว์’ กัน ถ้าได้เห็นรูปกับบทความนี้นะ รู้เลยว่าทั้งคู่รักกันแค่ไหน!,Thai
“ไข่มุก เดอะวอยซ์” ชิดซ้าย!! เมื่อเจอหนุ่มคนนี้ “ไสว่าสิใช้หนี้กัน” บอกได้คำเดียวโดนใจทั้งประเทศ!! (ชมคลิป),Thai
ขนลุก! สาวหน้าตาดีคนนี้ชอบนอนกับศพ และเมื่อรู้ว่าเธอทำอะไรกับศพบ้าง..แทบอ้วก!!,Thai
"ดีใจสติแทบแตก!!! ชาวนาขุดเจอเงิน 20,000 ล้าน ที่ฝังอยู่ในฟาร์มของตัวเอง สุดท้าย..บุญมีแต่กรรมบังแท้ๆ!!",Thai
เปิดคลิปวินาทีสยอง!! ผู้นำม็อบแรงงานจุดไฟเผาตัวกลางห้องแถลงข่าวที่มองโกล,Thai
โคตรโหดสุดขั้ว!!เปิดภาพเด็ดThe Faceต่างประเทศ!!ด้วยเหตุผลที่บอกเลยว่ามันวัดใจสุดๆ!!(ชมภาพ),Thai
นางเอกตัวท็อปคนนี้! ย้ายมหาลัยมาแล้ว3ที่ แต่คนไทยนึกว่าจบนานแล้ว เพราะ..!? ถึงบางอ้อรึยังชาวไทย!,Thai
ชมพู่ อารยา เคยประกวดมิสมอเตอร์โชว์ แต่ได้แค่ที่ 2 เพราะแพ้ราบคาบให้กับดาราคนนี้ ยอมใจความเป๊ะ!!,Thai
ซุปตาร์ระดับโลกคนนี้! กดไลค์และเม้นท์รูปเป่าเปา แถมยัง...!? คนไทยฮือฮาหนักมาก เหลือเชื่อจริงๆ!,Thai
เอาละซิ !! ผู้เชี่ยวชาญทำนาย อีก 5 ปีข้างหน้า ถึงคราวล้มสลายของสมาร์ทโฟน !! มันจะเกิดขึ้นจริงดิ ไม่น่าเชื่อ!!,Thai
"สยองหนักทั้งหมู่บ้าน! ""หนุ่มใหญ่"" ตายปริศนาท่าโคตรแปลก จนท.เห็นยังช็อก!...",Thai
"ขนลุกกันทั้งร้าน! งูบุกหา ""หนุ่มเต้นรถ"" ดูบอลเพลิน! โชคดีตูบเห่าช่วย-เอาไม้ตี แต่ต้องช็อกสุดขีด!...",Thai
"น่าสงสาร !! ""อ่ำ อัมรินทร์"" ป่วยเป็นโรคเก๊า หนักถึงขั้นเดินไม่ได้ ปลื้มมีอดีตเมียคอยช่วยเหลือ !!",Thai
คลิป 3 นาที ที่สามารถเรียกน้ำตาของคุณได้โดยไม่รู้ตัว นี่แหละความรักของพ่อและลูก ไม่มีอะไรเปรียบเทียบได้จริงๆ,Thai
"พลาดแล้วงานนี้...""มายด์-ณภศศิ"" ลืมเช็ครูปก่อนลง!!! ดูเหมือนว่าจะรูดซิปไม่สุดหรือป่าว....ชาวเน็ตบอกเห็นอะไรปริ้นๆ",Thai
ឃាត់ជនសង្ស័យម្នាក់ បន្ទាប់ពីធ្វើសកម្មភាព លួចយកកាបូបលុយ ជនរងគ្រោះ ក្នុងផ្សារលើធំថ្មី ក្រុងសៀមរាប និងបានដកហូតបានទ្រព្យសម្បត្តិ ជូនជនរងគ្រោះវិញ,Cambodia
ក្រុងសៀមរាប : កាលថ្ងៃទី២៤ខែកក្កដា ឆ្នាំ២០១៩ វេលាម៉ោង ៨:០០នាទីព្រឹក មានករណីជនសង្ស័យម្នាក់ បានធ្វើសកម្មភាពលូកយកកាបូបលុយជនរងគ្រោះ ឈ្មោះ ឃ្លោក ស៊ាវ ភេទស្រី អាយុ៥៦ឆ្នាំ មុខរបរនៅផ្ទះ,Cambodia
មានទីលំនៅ នៅភូមិគោកធ្លក ឃុំកណ្ដែក ស្រុកប្រាសាទបាគង ខេត្តសៀមរាប ខណៈពេលជនរងគ្រោះ កំពុងដើររកទិញអីវ៉ាន់ នៅ ក្នុងបរិវេណផ្សារលើធំថ្មី ក្នុងក្រុង/ខេត្តសៀមរាប ។,Cambodia
 ក្រោយធ្វើសកម្មភាពហើយ ជនសង្ស័យ បានយកកាបូបដែលលួចបាន ហុចអោយទៅឱ្យបក្ខពួកម្នាក់ទៀតទុក អ្នកទទួលកាបូបរូបនោះក៏គេចខ្លួនបាត់ ។,Cambodia
បន្ទាប់មកជនរងគ្រោះខាងលើ ក៏ឆែកមើលកាបូបរបស់ខ្លួនតែមិនឃើញ ហើយក៏ចាប់ជនសង្ស័យដែលដើរបុកខ្លួន ប្រគល់ឲ្យសន្តិសុខផ្សារ ដើម្បីប្រគល់បន្ត មក នគរបាលប៉ុស្តិ៍រដ្ឋបាលសង្កាត់ស្លក្រាម ,Cambodia
ជនសង្ស័យមានឈ្មោះ ទូច ធីតា ហៅ នាង ភេទស្រី អាយុ៣៨ ឆ្នាំបានឆ្លើយសារភាពថា ខ្លួនមិនបាន លួចយកកាបូប ជនរងគ្រោះឡើយ។,Cambodia
ដោយមានការឯកភាពពីលោកព្រះរាជអាជ្ញា ជនសង្ស័យខាងលើ ត្រូវបានលោកវរសេនីយ៍ឯកណុប សារ៉ាក់ អធិការនគរបាលក្រុងសៀមរាប បញ្ជាអោយកម្លាំងនគរបាលប៉ុស្តិ៍ និងនគរបាលផ្នែកព្រហ្មទណ្ឌ ,Cambodia
ចំណែកវត្ថុតាង កាបូបលុយចំនួន០១ មានលុយខ្មែរចំនួន៥០ម៉ឺនរៀល និងលុយដុល្លាចំនួន៤៥០ ដុល្លារ ត្រូវបាននគរបាលក្រុងសៀមរាប ធ្វើការប្រគល់ជូនជនរងគ្រោះវិញគ្រប់ចំនួន។,Cambodia
ត្រូវនិយាយថាទេចំពោះគ្រឿងញៀន ! ការបង្ក្រាបគ្រឿងញៀនទូទាំងប្រទេស សម្រាប់ថ្ងៃទី២៧ ខែកក្កដា៖ បង្ក្រាប៣៣ករណី ឃាត់ខ្លួន៨៤នាក់,Cambodia
(ភ្នំពេញ)៖ យុទ្ធនាការប្រយុទ្ធប្រឆាំងគ្រឿងញៀនខុសច្បាប់ទូទាំងប្រទេសសម្រាប់ថ្ងៃទី២៧ ខែកក្កដា ឆ្នាំ២០១៩នេះបានបង្ហាញថា កម្លាំងសមត្ថកិច្ចបានបង្ក្រាប៣៣ករណី ក្នុងនោះករណីប្រើប្រាស់១៣ករណី ,Cambodia
និងជួញដូរ២០ករណី ឃាត់ខ្លួនជនសង្ស័យ៨៤នាក់។,Cambodia
"របាយការណ៍បានឲ្យដឹងថា លទ្ធផលអនុវត្តច្បាប់ពីថ្ងៃទី១ ខែមករា ដល់ថ្ងៃទី២៧ ខែកក្កដា ឆ្នាំ២០១៩ កម្លាំងសមត្ថកិច្ចបានបង្ក្រាបចំនួន៤,៩០៧ករណី ឃាត់មនុស្ស១០,៨០៤នាក់ ",Cambodia
(ស្រី៧៦៩នាក់)ក្នុងនោះមានជនបរទេស១៨៧នាក់ (ស្រី៤០នាក់)៕,Cambodia
យុទ្ធនាការរឹតបន្ដឹងច្បាប់ចរាចរណ៍ ទូទាំងប្រទេសថ្ងៃទី២៧ ខែកក្កដា៖ រកឃើញយានយន្ដល្មើសច្បាប់៧០០គ្រឿង និងផាកពិន័យ៣៧៦គ្រឿង,Cambodia
"(ភ្នំពេញ)៖ យុទ្ធនាការរឹតបន្ដឹងច្បាប់ចរាចរណ៍ទូទាំងប្រទេស សម្រាប់ថ្ងៃទី២៧ ខែកក្កដា ឆ្នាំ២០១៩នេះ កម្លាំងនគរបាលចរាចរណ៍ បានត្រួតពិនិត្យយានយន្ដចំនួនគ្រឿង៤,៦១០គ្រឿង ",Cambodia
"រកឃើញល្មើសច្បាប់៧០០គ្រឿង(ម៉ូតូ៥៥%) អប់រំ៣២៤គ្រឿង និងផាកពិន័យ៣៧៦គ្រឿង, នេះបើតាមរបាយការណ៍ផ្លូវការ របស់អគ្គស្នងការដ្ឋាននគរបាលជាតិ។",Cambodia
"របាយការណ៍បានបញ្ជាក់ទៀតថា ចំពោះការត្រួតពិនិត្យមួក និងកញ្ចក់ នៅថ្ងៃទី២៧ ខែកក្កដានេះ ត្រួតពិនិត្យរួមបានចំនួន២,០៥២គ្រឿង, អប់រំ១២៥គ្រឿង និងផាកពិន័យ១៧៩គ្រឿង។",Cambodia
"សម្រាប់លទ្ធផលនៃការត្រួតពិនិត្យរយៈពេល២២ថ្ងៃ ចាប់ពីថ្ងៃទី០១ដល់ថ្ងៃទី២៧ ខែកក្កដា ឆ្នាំ២០១៩នេះ នគរបាលបានត្រួតពិនិត្យយានយន្តចំនួន១៣០,៣៩៦គ្រឿង រកឃើញយានយន្តល្មើស៣០,៦៦៤គ្រឿង(ម៉ូតូ៦៩%)",Cambodia
"ក្នុងនោះអប់រំ៩,៦៣៧គ្រឿង និងផាកពិន័យ២១,០២៧គ្រឿង (ម៉ូតូ៧៣គ្រឿង)៕",Cambodia
ប្រធានាធិបតី​អាមេរិក នៅ​ថ្ងៃ​សុក្រ​ម្សិលមិញ បាន​គំរាម​ដំឡើង​ពន្ធ​បន្ថែម លើ​ស្រាបារាំង ដើម្បី​សងសឹក​នឹង​បារាំង ដែល​ទើប​អនុម័ត​ច្បាប់ថ្មី សំដៅ​យក​ពន្ធ​លើ​ប្រាក់ចំណូល​របស់​ក្រុមហ៊ុន​បច្ចេកវិទ្យា​អាមេរិកាំង។,Cambodia
 វិមាន​អេលីហ្សេ វិញ បាន​អះអាងថា នៅក្នុង​កិច្ចសន្ទនា​តាមទូរស័ព្ទ​ជាមួយលោកដូណាល់ ត្រាំ នៅ​ថ្ងៃ​សុក្រ ប្រធានាធិបតី បារាំង លោក​អេម៉ានុយអែល ម៉ាក្រុង​បាន​លើកឡើង​ពីសារៈសំខាន់​នៃ​ការបង្កើតច្បាប់,Cambodia
នៅក្នុងសារ​ទ្វីតធ័រ កាលពី​ថ្ងៃ​សុក្រ លោកដូណាល់ ត្រាំ​បាន​សរសេរ​បរិហារ ភាពឆ្កួតលីលា​របស់​ប្រធានាធិបតី បារាំង ហើយ​និង​គំរាម​សងសឹក​វិញ ទៅ​លើ​ស្រាបារាំង ដែល​នាំចូល​ទៅ​អាមេរិក។,Cambodia
សេតវិមាន​បានប្រកាស​ថា នៅ​ថ្ងៃ​សុក្រ លោកដូណាល់ ត្រាំ បាន​និយាយ​ពិភាក្សា តាម​ទូរស័ព្ទ ជាមួយ ​ប្រធានាធិបតី បារាំង លោក​ម៉ាក្រុង ពី​ច្បាប់​បារាំង យក​ពន្ធ​លើ​ប្រាក់ចំណូល​របស់​ក្រុមហ៊ុន​បច្ចេកវិទ្យា។,Cambodia
 វិមាន​ប្រធានាធិបតី បារាំង នៅ​ថ្ងៃ​សៅរ៍​នេះ បាន​បញ្ជាក់បន្ថែមថា នៅ​ក្នុង​កិច្ចសន្ទនា​ជាមួយ លោកដូណាល់ ត្រាំ លោក​អេម៉ានុយអែល ម៉ាក្រុង បានអះអាង​ថា ការបង្កើត​ច្បាប់ យក​ពន្ធ​លើ​ប្រាក់ចំណូល​របស់,Cambodia
​ក្រុមហ៊ុន​ឌីជីថល ជារឿង​ផលប្រយោជន៍រួម ប៉ុន្តែ មិនមែន​ជារឿង​របស់​បារាំង​តែ​ម្នាក់នោះទេ។,Cambodia
លោកដូណាល់ ត្រាំ គំរាម​ចង់សងសឹក ដំឡើងពន្ធ លើ​ស្រាបារាំង ដោយសារ​លោក​មិនសប្បាយចិត្ត​នឹង​ព្រឹទ្ធសភា​បារាំង ដែល​កាលពី ២​សប្តាហ៍មុន បាន​បោះឆ្នោត​អនុម័ត​ច្បាប់ថ្មីមួយ ដើម្បី​ចាប់តម្រូវ​ឲ្យ​ក្រុមហ៊ុន,Cambodia
​បច្ចេកវិទ្យា​អ៊ីន​ធ័រនិត ទាំងអស់ ដែលរកចំណូលបាន​នៅលើទឹកដីបារាំង បង់ពន្ធជូន​រដ្ឋ​បារាំង។,Cambodia
បារាំង គឺជា​ប្រទេសទីមួយ នៅអឺរ៉ុប ដែលមានច្បាប់របៀបនេះ។,Cambodia
តាមច្បាប់ថ្មី រដ្ឋបារាំង​មាន​សិទ្ធិ ទារពន្ធ ៣% នៃ​ប្រាក់ចំណូល​ដែល​ក្រុមហ៊ុន​ឌីជីថល រកបាន មកពី​ការផ្សាយ​ពាណិជ្ជកម្ម ពី​ការលក់ទិន្នន័យ​លើ​អ៊ីនធ័រនែត ដើម្បី​ផ្សាយពាណិជ្ជកម្ម និងការតភ្ជាប់​ទិន្នន័យ របស់អ្នកប្រើប្រាស់ នៅតាម គេហទំព័រ​អ៊ីនធ័រនែត​ជាដើម។,Cambodia
គេវាយតម្លៃ​ ច្បាប់ថ្មី​នេះ នឹង​អនុញ្ញាតឲ្យ​រដ្ឋបារាំង ប្រមូល​ពន្ធ បាន ៤០០លានអឺរ៉ូ ក្នុងឆ្នាំនេះ និង​អាចឡើង​ដល់​៦៥០លានអឺរ៉ូ នៅឆ្នាំ២០២០។,Cambodia
បាតុភូត​ទាំងនេះ បូកផ្សំ​នឹង​រន្ទះ ខ្យល់បក់​ខ្លាំង បាន​បណ្តាល​ឲ្យ​ភ្លើងឆេះព្រៃ រីករាលដាល នៅពេញ​តំបន់​អាកទិក តាំង​ពី​ខាងជើង តំបន់​ស៊ីបេរី ប្រទេស​អឺរ៉ុប​ខាងជើង ដូចជា​ស៊ុយអែត រហូត​ដល់​អាឡាស្កា ឬ,Cambodia
រដ្ឋបាល​លោកដូណាល់​ត្រាំ ដែល​ធ្លាប់​បង្ហាញ​ការមិនពេញចិត្ត​នឹង​ច្បាប់​បារាំង ដែល​មាន​លក្ខណៈ រើសអើង និង​បាន​ព្រមានធ្វើ​ការស៊ើបអង្កេត មុន​នឹង​ចាត់វិធានការ​សងសឹក​ណាមួយ។,Cambodia
ឆ្លើយ​សំណួរ​របស់​អ្នកកាសែត នៅសេតវិមាន កាលពី​ថ្ងៃ​សុក្រ លោកដូណាល់ ត្រាំ ដែល​មិន​បរិភោគ​គ្រឿងស្រវឹង អះអាង​ថា ស្រា​អាមេរិកាំង​ឆ្ងាញ់​ជាង​ស្រាបារាំង និង​ថា លោកចូល​ចិត្ត​ស្រាអាមេរិកាំង ដោយសារ​រូបរាង​របស់​វា។,Cambodia
ពាក្យ​គំរាម​ដំឡើង​ពន្ធ​លើ​ស្រាបារាំង ធ្លាប់​ត្រូវ​បាន​លោកដូណាល់ ត្រាំ ពន្លយ​ឲ្យ​ដឹង​ម្តងហើយ កាលពី​ខែ​មិថុនា​កន្លងទៅ។,Cambodia
ប្រធានាធិបតី​អាមេរិកាំង​ បាន​លើកឡើង​ពី​ភាពអយុត្តិធម៌ ក្នុង​ការប្រកួតប្រជែង របស់​អ្នកផលិតស្រា​អាមេរិកាំង ដែល​បាន​ត្អូញត្អែ​ពីអត្រា​ពន្ធ​តិច លើ​ស្រាបារាំង​នាំចូល​ទៅ អាមេរិក ក្នុង​ពេល​បារាំង យកពន្ធ​ច្រើន​លើ​ស្រាបរទេស​ដែល​នាំចូល​ទៅបារាំង។,Cambodia
ការដំឡើង​ពន្ធ បន្ថែម លើ​ស្រាបារាំង នឹង​អាច​ប៉ះពាល់​ដល់​ឧស្សាហកម្ម​ផលិតស្រា​បារាំង ដោយសារ​ថា អាមេរិក ជា​ទីផ្សារ​ដ៏ធំ ស្រូប​យក​១ភាគបី នៃ​ស្រា​បារាំង ដែល​នាំចេញ​ទៅ​បរទេស៕,Cambodia
ភ្លើងឆេះព្រៃ ដ៏លាតសន្ធឹង មិនធ្លាប់​មាន​នៅ​តំបន់​អាកទិក,Cambodia
២០១៩ អាច​ជា​ឆ្នាំ​ដែល​ក្តៅបំផុត​ដែល​ភពផែនដី មិនធ្លាប់ជួបប្រទះ។,Cambodia
រលកកំដៅ ខ្លាំង​នៅអឺរ៉ុប ជា​ពិសេស​នៅប្រទេស​បារាំង ដែល​លាតសន្ធឹង​ទៅ​ដល់​មាន​ភ្លើងឆេះ ព្រៃ នៅ​តំបន់​អាកទិក ​ភាគខាងជើង​នៃ​ផែនដី ជា​ភស្តុតាង​ស្រាប់។,Cambodia
យោង​តាម​អង្គការ​ឧតុនិយម​ពិភពលោក​របស់​អង្គការ​សហប្រជាជាតិ ភ្លើង​ឆេះព្រៃ​ក្នុងទ្រង់ទ្រាយ​ធំ នៅ​តំបន់​អាកទិក ជា​រឿង​ដែល​មិនធ្លាប់មានទេ ពីមុនមក។,Cambodia
តំបន់​អាកទិក តែង​ជួប​ប្រទះ​ភ្លើងឆេះព្រៃ ពី​ខែ​ឧសភា រហូត​ដល់​ខែ​តុលា។,Cambodia
សម្រាប់​អ្នកជំនាញ ភ្លើងឆេះព្រៃ​ជា​ផ្នែក​មួយ​នៃ​ធម្មជាតិ​ជីវចម្រុះ ដែល​ផ្តល់​ប្រយោជន៍​ដល់​បរិស្ថាន។,Cambodia
ប៉ុន្តែ អាកាសធាតុ ក្តៅស្ងួត​ហួតហែង​ខ្លាំង នៅខែ មិថុនា​កន្លងទៅ បាន​ចាប់​បណ្តាល​ឲ្យ​មាន​ភ្លើងឆេះព្រៃ ដ៏សន្ធោសន្ធៅ ខ្លាំង និង​រយៈពេល​យូរ នៅ​តំបន់​អាកទិក។,Cambodia
ការប្រែប្រួល​អាកាសធាតុ​បាន​ធ្វើ​ឲ្យ​ដីស្ងួតខ្លាំង និង​អាកាសធាតុ​ក្តៅខ្លាំង មិនធ្លាប់​មាន នៅ​អំឡុង​ខែ មិថុនា។,Cambodia
ខេមរៈ សិរីមន្ត និង ពេជ្រ សោភា ច្រៀងរួមគ្នាជាលើកដំបូង ពិតជាពីរោះខ្លាំងណាស់ ស្តាប់ឡើងព្រឺសម្បុរ (មានវីដេអូ),Cambodia
នៅមុននេះបន្តិច នាថ្ងៃទី ២៧ ខែកក្កដា ឆ្នាំ ២០១៩ ខាងផលិតកម្មរស្មីហង្សមាសទើបបានបញ្ចេញបទចម្រៀងមួយបទ ដែលប្រិយមិត្តមួយចំនួនធំកំពុងរងចាំស្តាប់ នូវបទចម្រៀង ដែលច្រៀងរួមគ្នាជាលើកដំបូង,Cambodia
លោកតា វ៉ិចទ័រ៖ សួនបន្លែគ្រួសារខ្ញុំ គឺដាំតាមបែបធម្ម​ជាតិ​​ ស្ពៃល្មមជ្រក់ហើយ​​ បងប្អូនទិញទេ​​​ បើគ្រួសារខ្ញុំមានលក់ជ្រក់ស្ពៃ?,Cambodia
មហាជនជាច្រើន ច្បាស់ជាស្គាល់ ជាក់ជាមិនខាន លោក សុវណ្ណ ឬទ្ធី ហៅលោកតា វ៉ិចទ័រ ដែលជាប្រធានផ្នែក ផលិតកម្មវិធី កម្សាន្តរបស់ទូរទស្សន៍ ស៊ីធីអិន ហើយក៏ត្រូវជាឪពុកបង្កើតរបស់តារាកំប្លែងស្រី នីឡា ផងដែរ ហើយមកទល់ពេលនេះ ស្នាដៃរបស់លោកជាច្រើន ត្រូវបានមហាជនទទួលស្គាល់ និងគាំទ្រជាខ្លាំង។,Cambodia
ងាកមកមើលជីវិតផ្ទាល់ខ្លួនរបស់លោកវិញម្តង មើលទៅពិតជាមានសុភមង្គលខ្លាំងណាស់ ជាពិសេសដល់ថ្ងៃចុងសប្តាហ៍ ​នីឡា ហើយនិងភរិយារបស់លោក នាំគ្នា បេះបន្លែ ដែលដាំដោយខ្លួនឯង និងរៀបចំម្ហូបអាហារផ្សេងទៀត ដើម្បីក្រុមគ្រួសារដ៏កក់ក្តៅមួយនេះ។,Cambodia
ចំណែកនៅមុននេះបន្តិច នាថ្ងៃទី ២៧ ខែកក្កដា ឆ្នាំ ២០១៩ លោក ក៏ទើបបង្ហោះសារមួយ លាយឡំជាមួយរូបភាពសួនបន្លែរបស់លោក មើលទៅគួរឲ្យចង់ទទួលទានខ្លាំងណាស់។,Cambodia
លោកបានបញ្ជាក់ថា៖ “ការងារច្រើនណាស់បែងចែកគ្នាធ្វើ។,Cambodia
ខានមកយូរស្មៅដុះស្ទើរតែពេញរងបន្លែ​​។,Cambodia
សួនបន្លែគ្រួសារខ្ញុំ គឺដាំតាមបែបធម្ម​ជាតិ​​។,Cambodia
ស្ពៃល្មមជ្រក់ហើយ​​ បងប្អូនទិញទេ​​​បើគ្រួសារខ្ញុំមានលក់ជ្រក់ស្ពៃ?”៕,Cambodia
ជាមួយនឹងការបង្ហាញរថយន្តថ្មីនេះ ស្រាប់តែមានមហាជនមួយចំនួន បានដាក់ការសង្ស័យថា រថយន្តថ្មីដែលស្រីស្រស់រូបនេះ អាចមិនមែនជាធនធានរបស់នាងផ្ទាល់ឡើង ពោលគឺអាចមានអ្នកធំណាម្នាក់ មានបំណងទិញឲ្យនាង ធ្វើជារបស់បញ្ចាំចិត្ត។,Cambodia
យ៉ាងណា នេះគ្រាន់តែជាការសង្ស័យរបស់ទស្សនិកជន តែប៉ុណ្ណោះ។,Cambodia
តែក៏ពុំទាន់ឃើញកញ្ញា កុសម៉ា លីនដា មិនទាន់បញ្ចាក់ឱ្យច្បាស់ចំពោះការសង្ស័យរបស់ទស្សនិកជន នៅឡើយទេ។,Cambodia
គួរជម្រាបថា កុសម៉ា លីនដា ត្រូវបានគេចាត់ទុក ជាតារាសម្ដែងស្រីវ័យក្មេង មានរូបសម្រស់ស្រស់ស្អាត និងទាក់ទាញ។,Cambodia
ជាមួយនឹងភាពស្រស់ស្អាត នាងក៏ត្រូវបានគេចាប់អារម្មណ៍ខ្លាំង ទៅលើសមត្ថភាព ក្រោយគេឃើញមានវត្តមាននាង ក្នុងខ្សែភាពយន្តជាច្រើន និងក្នុងស្ពតពាណិជ្ជកម្មមួយចំនួនផងដែរ៕,Cambodia
មួយថ្ងៃ កូនក្មេងត្រូវផឹកទឹកប៉ុន្មានលីត្រ ទើបគ្រប់គ្រាន់ទៅ?,Cambodia
ចាប់តាំងពីទឹក គឺជាផ្នែកមួយសំខាន់នោះ អ្នកអាចឆ្ងល់ថាតើកូនរបស់អ្នកកំពុងតែផឹកទឹកបានគ្រប់គ្រាន់ឬយ៉ាងណា។,Cambodia
វាមិនមានការកំណត់បរិមាណនៃទឹកដែលកុមារត្រូវផឹកជារៀងរាល់ថ្ងៃនោះទេ។,Cambodia
(អាន:ស្បែកកូនរបស់អ្នកនឹងស្អាតហើយមិនរមាស់បើធ្វើតាមវិធីនេះ តើកូនស្រីរបស់អ្នកចេះតែរមាស់ស្បែកមែនទេ?) ជាធម្មតា កុមារចូលចិត្តផឹកនៅក្រោយញ៉ាំអាហារ និងផឹកវានៅពេលដែលពួកគេស្រេក។,Cambodia
ប៉ុន្តែនៅពេលក្នុងអាកាសធាតុក្តៅ ឬលេងកីឡា គេនឹងត្រូវការបន្ថែម។,Cambodia
សូមប្រាកដថា គេបានផឹកទឹកបន្ថែមនៅពេលដែលគេស្ថិតនៅក្នុងអាកាសធាតុក្តៅ ជាពិសេសនៅពេលដែលលេងកីឡា ឬធ្វើលំហាត់ប្រាណ។,Cambodia
(អាន:ថ្នាំងងុយគេង ពេលអ្នកគួរប្រើ) ពេលវេលាដែលគេផឹក ក៏ជារឿងសំខាន់ផងដែរ។,Cambodia
ប្រសិនបើកូនអ្នកនឹងធ្វើលំហាត់ប្រាណ សូមឲ្យគេផឹកទឹកមុន អំឡុងពេល និងក្រោយពីលេង។,Cambodia
សូមកុំភ្លេចដបទឹករបស់កូនអ្នកឲ្យសោះ។,Cambodia
នៅពេលដែលរាងកាយរបស់កូនអ្នកមិនមានជាតិទឹកគ្រប់គ្រាន់ វាត្រូវបានគេហៅថា ខ្វះជាតិទឹក។,Cambodia
ការខ្វះជាតិទឹកក៏អាចរំខានកូនអ្នក។,Cambodia
ករណីអាក្រក់នៃការខ្វះជាតិទឹក ក៏អាចធ្វើឲ្យកូនក្មេងឈឺផងដែរ។,Cambodia
ដូចនេះសូមកាន់ដបទឹកជាប់នឹងដៃ នៅពេលដែលអាកាសធាតុក្តៅ។,Cambodia
ប្រសិនបើទឹកនោមកូនរបស់អ្នកមានពណ៌លឿងស្រាលពេក រាងកាយរបស់គេអាចកំពុងតែបញ្ចេញជាតិទឹកដែលលើស។,Cambodia
ប្រសិនបើទឹកនោមរបស់កូនអ្នកលឿងចាស់ខ្លាំង វាកំពុងតែខ្វះជាតិទឹក ដូចនេះ វាជាពេលដែលអ្នកត្រូវផឹកទឹកបន្ថែម៕,Cambodia
សាប៊ូអាចជាមូលហេតុមួយ ដោយសារស្បែករបស់ក្មេងទន់ហើយងាយនឹងទទួលរងប្រតិកម្ម។,Cambodia
…រាងកាយមនុស្សយើងត្រូវការសម្រាកដើម្បីបញ្ចូលថាមពល និងជួសជុលនូវអ្វីដែឡខូចខាត…ប្រភេទសំខាន់នៃជាតិខ្លាញ់ដែលមាននៅក្នុងប្រេងអូលីវ គឺជាពពួកអាស៊ីតខ្លាញ់…មុនពេលអ្នកសម្រេចចិត្តប្រើថ្នាំប្រឆាំងការបាក់ទឹកចិត្ត យកល្អគួរតែស្វែងយល់អំពីកត្តាមួយចំនួនសិនដូចជា៖ជំងឺរលាកសន្លាក់ហ្គោដត្រូវបានសម្គាល់ដឹងតាមរយៈការកើនឡើងនៃជាតិអាស៊ីតអ៊ុយរិកក្នុងរាងកាយ ដែលនាំឲ្យសន្លាក់ទៅជាហើម…,Cambodia
ការញ៉ាំអាហារបានត្រឹមត្រូវ ជួយការពារជំងឺទឹកនោមផ្អែមប្រភេទទីពីរបាន,Cambodia
ទម្លាប់នៃការញ៉ាំអាហារដែលផ្តល់នូវសុខភាពល្អអាចបន្ថយហានិភ័យនៃជំងឺទឹកនោមផ្អែមប្រភេទទីពីរចំពោះស្ត្រី។,Cambodia
(អាន:ថ្នាំងងុយគេង ពេលអ្នកគួរប្រើ) អាហារដែលផ្តល់នូវសុខភាពល្អទាំងអស់ អាចដើរតួចំបងក្នុងការការពារជំងឺទឹកនោមផ្អែមប្រភេទទី២ ជាពិសេសចំពោះស្ត្រីដែលបានកើនឡើងហានិភ័យនៃជំងឺនេះ។,Cambodia
(អាន:ស្បែកកូនរបស់អ្នកនឹងស្អាតហើយមិនរមាស់បើធ្វើតាមវិធីនេះ តើកូនស្រីរបស់អ្នកចេះតែរមាស់ស្បែកមែនទេ?) អាហារដែលផ្តល់នូវសុខភាពមិនល្អមានដូចជាអាហារមានជាតិខ្លាញ់ខ្ពស់ ភេសជ្ជៈផ្អែម និងសាច់ស្រស់។,Cambodia
អាហារដែលផ្តល់នូវសុខភាពរួមមាន ជាតិសរសៃ បន្លែផ្លែឈើស្រស់ ខ្លាញ់មិនឆ្អែត និងកាហ្វេជាដើម។,Cambodia
ខ្លាញ់មិនឆ្អែតរួមមានសណ្តែកជាដើម។,Cambodia
ប័រ ការ៉េមសុទ្ធជាខ្លាញ់ដែលប៉ះពាល់ដល់សុខភាព។,Cambodia
ការញ៉ាំអាហារដែលផ្តល់នូវសុខភាពល្អបានបន្ថយហានិភ័យនៃជំងឺទឹកនោមផ្អែមដល់ទៅ៥៥%ចំពោះស្ត្រី។,Cambodia
ស្ត្រីដែលញ៉ាំអាហារដែលផ្តល់នូវសុខភាពបំផុតនោះ គឺមាន៣៦%ថយចុះហានិភ័យនៃជំងឺទឹកនោមផ្អែមជាងអ្នកដែលញ៉ាំអាហារដែលមិនល្អបំផុត៕,Cambodia
ប្រភេទសំខាន់នៃជាតិខ្លាញ់ដែលមាននៅក្នុងប្រេងអូលីវ គឺជាពពួកអាស៊ីតខ្លាញ់…យោងទៅតាមសេចក្តីរាយការណ៍ជាច្រើនពីសារព័ត៌មាននានាបានឲ្យដឹងថា ថ្នាំងងុយគេងមានជាប់ទាក់ទងនឹងការប្រឈមកាន់តែខ្ពស់នឹងការស្លាប់។,Cambodia
…មុនពេលអ្នកសម្រេចចិត្តប្រើថ្នាំប្រឆាំងការបាក់ទឹកចិត្ត យកល្អគួរតែស្វែងយល់អំពីកត្តាមួយចំនួនសិនដូចជា៖ជំងឺរលាកសន្លាក់ហ្គោដត្រូវបានសម្គាល់ដឹងតាមរយៈការកើនឡើងនៃជាតិអាស៊ីតអ៊ុយរិកក្នុងរាងកាយ ដែលនាំឲ្យសន្លាក់ទៅជាហើម…ប្រភេទជំងឺបេះដូងដែលកើតឡើងញឹកញាប់បំផុតគឺកើតឡើងនៅពេលដែលកំណកជាតិខ្លាញ់កើនឡើងនៅលើជញ្ជាំងសរសៃឈាមដែលដឹកនាំឈាមចូលទៅក្នុងបេះដូង។,Cambodia
ខាងក្រោមនេះខ្ញុំសូមណែនាំនូវវិធីខ្លះៗក្នុងការបន្ថយការប្រឈមនឹងជំងឺបេះដូងបានច្រើនបំផុត៖,Cambodia
វិធីសាស្ត្របន្ថយអាការៈក្តៅក្រហាយទ្រូងនៅផ្ទះដោយខ្លួនឯង,Cambodia
អាការៈក្តៅក្រហាយដើមទ្រូង គឺជាសញ្ញាព្រមាននៃជំងឺរលាកក្រពះ។,Cambodia
យ៉ាងណាមិញ យុទ្ធសាស្ត្រមួយចំនួនខខាងក្រោមនជអាចជួយបន្ថយអាការៈក្រហាយទ្រូងរបស់អ្នកបាន ៖ (អាន:ថ្នាំងងុយគេង ពេលអ្នកគួរប្រើ) (អាន:ស្បែកកូនរបស់អ្នកនឹងស្អាតហើយមិនរមាស់បើធ្វើតាមវិធីនេះ តើកូនស្រីរបស់អ្នកចេះតែរមាស់ស្បែកមែនទេ?) ប្រភេទសំខាន់នៃជាតិខ្លាញ់ដែលមាននៅក្នុងប្រេងអូលីវ គឺជាពពួកអាស៊ីតខ្លាញ់…មនុស្សម្នាក់ដែលមានជំងឺថប់អារម្មណ៍ច្រើនតែជាមនុស្សបារម្ភខ្លាំង និងច្រើនតែយល់ថាខ្លួនឯងពិបាកនឹងរស់នៅខ្លាំងណាស់ពីមួយថ្ងៃទៅមួយថ្ងៃ។,Cambodia
…ការដេកមិនលក់អាចធ្វើអោយអ្នកអារម្មណ៍មិនល្អហើយមានជំងឺជាច្រើន។,Cambodia
ដូច្នេះបើសិនជាអ្នក ដេកមិន…សុបិន្តអាក្រក់ គឺជាក្តីសុបិន្តដែលគួរឲ្យមានការព្រួយបារម្ភ…ស្នាមខ្មៅក្រោមក្លៀកគឺជាកង្វល់សម្រាប់នារីគ្រប់រូប វាតែងតែកើតឡើងក្រោយពេលដែលអ្នកដករោមក្លៀករួច។,Cambodia
ខាងក្រោមនេះយើងខ្ញុំនឹងប្រាប់អ្នកពីវិធីបំបាត់មួយចំនួនដែលអាចជួយអ្នកបាន។,Cambodia
ដូច្នេះផ្លូវនេះ សំខាន់ណាស់ក្នុងការចូលរួមកសាងប្រទេសជាតិមាតុភូមិរបស់យើង ធ្វើឱ្យការដឹកទំនិញមានតម្លៃថោក ចំណេញពេលវេលាដឹកទាំងទំនិញ ដឹកទាំងអ្នកទេសចរ ប្រជាពលរដ្ឋយើងផង។,Cambodia
សំខាន់ណាស់ដែលសម្តេចតេជោ ហ៊ុន សែន លោកបានផ្តល់អាទិភាពមួយក្នុងអាទិភាពចំនួន៤ ក្នុងការកសាងប្រទេសជាតិ ផ្លូវ ភ្លើង ទឹក ធនធានមនុស្ស»។,Cambodia
លោក ស៊ុន ចាន់ថុល បានអះអាងថា រាជរដ្ឋាភិបាលកម្ពុជានឹងនៅតែបន្តប្រឹងប្រែងក្នុងការកសាងផ្លូវ និងស្ពាន ដើម្បីទាក់ទាញអ្នកវិនិយោគ សម្រួលការធ្វើដំណើរ និងដឹកជញ្ជូនទំនិញ។,Cambodia
ពាក់ព័ន្ធនឹងការកសាងផ្លូវ និងស្ពាននេះ ថវិកាភាគច្រើនបំផុត គឺទទួលបានពីប្រទេសជាមិត្តដូចជាចិន ជប៉ុន កូរ៉េខាងត្បូង និងអង្គការដៃគូអភិវឌ្ឍន៍នានា​ដូចជាធនាគារ​ពិភពលោក និងធនាគារអភិវឌ្ឍន៍អាស៊ី។,Cambodia
ការខ្ចីលុយមកសាងសង់ផ្លូវនេះ តែងបានធ្វើឱ្យមានប្រជាពលរដ្ឋខ្មែរមួយចំនួនសម្តែងក្តីកង្វល់ខ្លាចកម្ពុជាជាប់បំណុលគេច្រើន និងខ្លះទៀត បានលើកឡើងថា រាជរដ្ឋាភិបាលអសមត្ថភាពមិនមានថវិកាជាតិសម្រាប់កសាងផ្លូវជាដើម។,Cambodia
ឆ្លើយតបក្តីកង្វល់ និងការលើកឡើងទាំងនេះ លោកទេសរដ្ឋមន្ត្រី ស៊ុន ចាន់ថុល បានបញ្ជាក់ថា កម្ពុជាមិនមែនមិនមានថវិកាសម្រាប់សាងសង់ផ្លូវនោះទេ។,Cambodia
ສ້າງ​ປຶ້ມ​ຍຸດ​ທະ​ວິ​ທີ​ຂອງ​ພວກ​ເຈົ້າ ເຖິງວິ​ທີ​ທີ່​ພວກ​ເຈົ້າ​ຈະ​ພິ​ສູດ​ຕົວ​ເອງ ວ່າ​ເປັນ​ສາ​ນຸ​ສິດ​ຂອງ​ພຣະ​ຄຣິດ.,Laos
"ໂດຍ​ທີ່ເປັນ​ນັກ​ຮຽນ, ຫລາຍ​ຄົນ​ພວກ​ເຈົ້າ​ກໍ​ຍັງ​ພັດ​ທະ​ນາ​ພອນ​ສະ​ຫວັນ, ຄວາມ​ສົນ​ໃຈ, ແລະ ງານ​ອະ​ດິ​ເລກ ຜ່ານ​ທາງ​ກິດ​ຈະ​ກຳ​ທີ່ນອກ​ຫລັກ​ສູດ ຢູ່​ໂຮງ​ຮຽນ ຫລື ຮຽນ​ພິ​ເສດ, ເປັນ​ທີມ, ແລະ ເປັນ​ກຸ່ມ ຢູ່ນອກ​ໂຮງ​ຮຽນ, ຮ່ວມ​ທັງ​ກິ​ລາ.",Laos
"ເດືອນ​ທັນ​ວາ​ປີ​ກາຍນີ້, ຝ່າຍ​ປະ​ທານ​ສູງ​ສຸດ ໄດ້​ອະ​ນຸ​ມັດ​ເອ​ກະ​ສານ ທີ່​ປະ​ກາດ​ວ່າ ເດັກ​ນ້ອຍ​ຜູ້​ຊາຍ​ອາ​ຍຸ 11 ປີ ສາ​ມາດ “ເລີ່ມ​ຕົ້ນ​ໄປ​ຮ່ວມ … ກຸ່ມ​ຖາ​ນະ​ປະ​ໂລ​ຫິດ​ແຫ່ງ​ອາ​ໂຣນ … ເລີ່ມ​ຕົ້ນ​ໃນ​ເດືອນ​ມັງ​ກອນ ຂອງ​ປີ​ທີ່​ເຂົາ​ຈະ​ເຖິງ​ອາ​ຍຸ 12 ປີ.”",Laos
"ຜົນ​ປະ​ກົດ​ວ່າ ລະ​ຫວ່າງ​ຕົ້ນ​ປີນີ້, ມີ​ເດັກ​ຜູ້​ຊາຍອາ​ຍຸ 11 ປີ ຕົກ​ຕະ​ລຶງ ຄິດ​ວ່າ ​ພວກເຂົາ​ຊິ​ໄດ້​ຢູ່​ຊັ້ນ​ປະ​ຖົມ​ໄວ​ຕໍ່​ໄປ ຈົນ​ເຖິງວັນ​ເກີດ​ປີ​ໜ້າ​ຂອງ​ພວກ​ເຂົາ ແຕ່​ບັດ​ນີ້ ພວກ​ເຂົາ​ໄດ້​ຢາຍ​ສິນ​ລະ​ລຶກ ໃນ​ວັນ​ອາ​ທິດ ໃນ​ຖາ​ນະມັກ​ຄະ​ນາຍົກ​ໃໝ່​ຂອງສາດ​ສະ​ໜາ​ຈັກ.",Laos
"ຂ້າ​ພະ​ເຈົ້າ​ກໍ​ຢາກ​ຮູ້​ວ່າ ແມ່ນ​ໃຜ​ທີ່​ຕົກ​ຕະ​ລຶງ​ຫລາຍ​ທີ່​ສຸດ—ມັກ​ຄະ​ນາ​ຍົກ ຫລື ພໍ່​ແມ່​ຂອງ​ພວກ​ເຂົາ. ໃນ​ຈຳ​ນວນມັກ​ຄະ​ນາຍົກ​ໃໝ່​ ເກືອບ​ເຖິງ 80,000 ຄົນເຫລົ່າ​ນີ້,",Laos
ຫລາຍ​ຄົນໄດ້​ຢູ່​ກັບ​ພວກ​ເຮົາ ໃນ​ຄ່ຳ​ຄືນນີ້ ຢູ່​ໃນ​ສູນ​ກາງປະ​ຊຸມ​ໃຫຍ່​ທີ່ກວ້າງ​ຂວາງນີ້ ຫລື ຮ່ວມກັບ​ພວກ​ເຮົາ ຜ່ານ​ທາງ​ເທັກ​ໂນ​ໂລ​ຈີ. ຂໍ​ຕ້ອນ​ຮັບ​ສູ່​ກຸ່ມອ້າຍ​ນ້ອງ​ຢ່າງ​ຫລວ​ງ​ຫລາຍ​ຂອງ​ຖາ​ນະ​ປະ​ໂລ​ຫິດ!,Laos
ການ​ປ່ຽນ​ແປງນີ້ ເຮັດ​ໃຫ້​ກອງ​ປະ​ຊຸມ​ເທື່ອ​ນີ້​ເປັນຄັ້ງ​ປະ​ຫວັດ​ສາດ—ມັນ​ຄົງ​ເປັນ​ກຸ່ມ​ດຳ​ລົງ​ຖາ​ນະ​ປະ​ໂລ​ຫິດ​ແຫ່ງ​ອາ​ໂຣນ​ທີ່​ໃຫຍ່​​ໂຕທີ່​ສຸດ ທີ່​ເຄີຍ ໄປ​ຮ່ວມ​ກອງປະ​ຊຸມ​ຖາ​ນະ​ປະ​ໂລ​ຫິດ​ສາ​ມັນ ຂອງກອງ​ປະ​ຊຸມ​ໃຫຍ່​ສາ​ມັນ.,Laos
"ກ່ຽວ​ກັບໂອ​ກາດ​ພິ​ເສດນີ້, ຂ້າ​ພະ​ເຈົ້າ​ຂໍ​ກ່າວ​ກັບ​ຊາຍ​ໜຸ່ມ ຂອງ​ຖາ​ນະ​ປະ​ໂລ​ຫິດ​ແຫ່ງ​ອາ​ໂຣນ​ໂດຍ​ສະ​ເພາະ.",Laos
"ໂດຍ​ທີ່​ຂ້າ​ພະ​ເຈົ້າມັກ​ກິ​ລາ​ມາ​ຕະ​ຫລອດ​ຊີ​ວິດ, ຂ້າ​ພະ​ເຈົ້າ​ຊົມ​ເຊີຍ​ຜູ້​ມີ​ຄວາມສາ​ມາດ​ດ້ານ​ການ​ຫລິ້ນກິ​ລາ ຈົນ​ສາ​ມາດ​ຫລິ້ນເຖິງ​ລະ​ດັບ​ສູງ.",Laos
"ກ່ອນ​ຄົນໃດ​ຈະ​ເກັ່ງໃນ​ສິ່ງ​ໃດ​ສິ່ງ​ໜຶ່ງ ແທ້ໆ ທີ່ນອກ​ເໜືອ​ໄປ​ຈາກ​ພອນ​ສະ​ຫວັນ​ແລ້ວ, ຄົນ​ນັ້ນ​ຈະ​ຕ້ອງ​ມີ​ລະ​ບຽບ​ວິ​ໄນ, ເສຍ​ສະ​ລະ, ແລະ ໃຊ້​ເວ​ລາ​ເຝິກ​ຝົນຫລາຍ​ສົມ​ຄວນ.",Laos
ນັກ​ກິ​ລາ​ເຊັ່ນ​ນັ້ນ ສ່ວນ​ຫລາຍ​ຈະ​ໄດ້​ຍິນ​ຄຳ​ເວົ້າ​ທີ່​ຮຸນ​ແຮງ​ຈາກຫົວ​ໜ້າ​ທີມ ແລະ ຈະສະ​ລະ​ສິ່ງ​ທີ່​ເຂົາ​ຕ້ອງ​ການ​ໃນ​ເວ​ລານີ້ ເພື່ອ​ອະ​ນາ​ຄົດ​ທີ່​ດີກວ່າ.,Laos
"ພວກ​ເຮົາ​ກໍ​ຮູ້​ຈັກ​ສະ​ມາ​ຊິກ ແລະ ຜູ້​ດຳ​ລົງ​ຖາ​ນະ​ປະ​ໂລ​ຫິດ​ຂອງ​ສາດ​ສະ​ໜາ​ຈັກ​ບາງ​ຄົນ ຜູ້​ທີ່​ປະ​ສົບ​ກັບ​ຄວາມ​ສຳ​ເລັດ ລະ​ດັບ​ສູງ​ສຸດ​ຂອງ​ການ​ເປັນ​ນັກ​ກິ​ລາ​ມື​ອາ​ຊີບ. ມີ​ຫລາຍ​ຄົນ​ທີ່​ເປັນຕົວ​ຢ່າງ​ທີ່​ດີ,",Laos
ແຕ່​ຂ້າ​ພະ​ເຈົ້າ​ສາ​ມາດ​ກ່າວ​ເຖິງ​ພຽງ​ແຕ່​ຈຳ​ນວນ​ໜ້ອຍ​ໜຶ່ງ​ເທົ່າ​ນັ້ນ ເພາະ​ເວ​ລາ​ຈຳ​ກັດ.,Laos
"ພວກ​ເຈົ້າ​ອາດ​ຮູ້​ຈັກ​ນັກ​ກິ​ລາ​ບາງ​ຄົນ​ເຫລົ່າ​ນີ້: ຫລິ້ນເບດ​ສະ​ບອນ, ແຈຣະມີ ກຸທຼີ ແລະ ບຣາຍສ໌ ຮາບເປີ; ຫລິ້ນ​ບານ​ບ້ວງ, ຈາບາຣີ ພາກເກີ ແລະ ຈິມເມີ ເຟຼເດັດ; ຫລິ້ນເຕະ​ບານ, ຣິຄາໂດ ໂຣຫາສ໌",Laos
"ຂະ​ນະ​ທີ່​ເຂົາ​ເຈົ້າ​​ມີ​ຄວາມ​ສຳ​ເລັດ​ຫລາຍ​ໃນ​ການ​ຫລິ້ນ​ກິ​ລາ​ຂອງ​ເຂົາ​ເຈົ້າ, ນັກ​ກິ​ລາເຫລົ່າ​ນີ້ ຈະ​ເປັນ​ຄົນ​ທຳ​ອິດ ທີ່​ສາ​ລະ​ພາບ​ວ່າ ເຂົາ​ເຈົ້າ​ບໍ່​ໄດ້​ເປັນ​ນັກ​ກິ​ລາ​ທີ່​ດີ​ພ້ອມ ຫລື ເປັນ​ບຸກ​ຄົນທີ່​ດີ​ພ້ອມ.",Laos
ເຂົາ​ເຈົ້າ​ໄດ້ໃຊ້​ຄວາມ​ພະ​ຍາ​ຍາມ​ຢ່າງ​ໜັກ ຈົນ​ສຸດ​ຄວາມ​ສາ​ມາດ ໃນ​ການ​ຫລິ້ນ​ກິ​ລາ—ແລະ ໃນ​ການ​ດຳ​ລົງ​ຊີ​ວິດ​ຕາມ​ພຣະ​ກິດ​ຕິ​ຄຸນ. ເຂົາ​ເຈົ້າ​ລຸກ​ຂຶ້ນ​ໃໝ່ ຖ້າ​ຫາກ​ເຂົາ​ເຈົ້າ​ສະ​ດຸດ​ລົ້ມ ແລະ ເຂົາ​ເຈົ້າພະ​ຍາ​ຍາມ​ອົດ​ທົນ​ຈົນ​ເຖິງ​ທີ່​ສຸດ.,Laos
"ໃນ​ການ​ຫລິ້ນ​ກິ​ລາ​ເປັນ​ທີມ, ຍຸດ​ທະ​ວິ​ທີ​ໄດ້​ຖືກ​ອອກ​ແບບ​ສຳ​ລັບ​ສະ​ຖາ​ນະ​ການໃດ​ໜຶ່ງ​ໂດຍ​ສະ​ເພາະ ຂອງ​ເກມ ແລະ ໄດ້​ຖືກ​ລວມ​ເຂົ້າ​ເປັນ ປຶ້ມຍຸດ​ທະ​ວິ​ທີ. ນັກ​ກິ​ລາ​ຈະ​ຮຽນ​ໜ້າ​ທີ່ມອບ​ໝາຍ​ຂອງ​ຕົນ ສຳ​ລັບ​ແຕ່​ລະ​ຍຸດ​ທະ​ວິ​ທີ.",Laos
"ນັກ​ກິ​ລາ​ທີ່​​ປະ​ສົບ​ຄວາມ​ສຳ​ເລັດ ຈະ​ສຶກ​ສາ​ປຶ້ມຍຸດ​ທະ​ວິ​ທີ​ຢ່າງ​ລະ​ອຽດ ຈົນ​ວ່າ ເມື່ອ​ກ່າວ​ເຖິງ​ຍຸດ​ທະ​ວິ​ທີ​ໃດ, ເຂົາ​ເຈົ້າກໍ​ຮູ້​ຈັກ​ທັນ​ທີ​ວ່າ ເຂົາ​ເຈົ້າ​ຈະ​ໄປ​ໃສ ແລະ ເຮັດ​ຫຍັງ.",Laos
"ໃນ​ການ​ກ່າວ​ປຽບ​ທຽບ​ຕື່ມ​ອີກ, ຫົວ​ໜ້າ​ທີມ​ທີ່​ດີ​ເດັ່ນ ຮູ້​ຈັກ​ຈຸດ​ເດັ່ນ ແລະ ຈຸດ​ອ່ອນ​ຂອງ​ທີມ​ລາວ ເທົ່າໆ​ກັບ​ຝ່າຍ​ກົງ​ກັນ​ຂ້າມ. ເຂົາ​ເຈົ້າ​ໄດ້​ສ້າງ​ແຜນ​ການ​ຫລິ້ນ​ເກມ ທີ່​ຈະ​ຊ່ວຍ​ເຂົາ​ເຈົ້າ​ໃຫ້​ໄດ້​ຮັບໄຊ​ຊະ​ນະ. ພວກ​ເຈົ້າ​ເດ?",Laos
"ພວກ​ເຈົ້າ​ຮູ້​ວ່າ ພວກ​ເຈົ້າ​ຕ້ອງ​ລະ​ວັງກັບການ​ລໍ້​ລວງ​ແບບໃດ, ແລະ ພວກ​ເຈົ້າ​ສາ​ມາດບອກ​ລ່ວງ​ໜ້າ​ໄດ້​ວ່າ ຝ່າຍ​ກົງ​ກັນ​ຂ້າມຈະ​ພະ​ຍາ​ຍາມ​ຢຸດຢັ້ງ ແລະ ເຮັດ​ໃຫ້​ພວກ​ເຈົ້າ​ທໍ້​ຖອຍ​ໃຈ ໃນ​ວິ​ທີ​ໃດ.",Laos
ພວກ​ເຈົ້າ​ເຄີຍໄດ້​ວາງ​ແຜນ ແລະ ໄດ້​ສ້າງ​ປຶ້ມ​ຍຸດ​ທະ​ວິ​ທີ​ດ້ວຍ​ຕົວ​ເອງ​ແລ້ວ​ບໍ ເພື່ອ​ວ່າ​ພວກ​ເຈົ້າ​ຈະ​ຮູ້​ຈັກ​ວິ​ທີ ທີ່​ຈະ​ຕອບ​ຮັບ ເວ​ລາ​ພວກ​ເຈົ້າ​ປະ​ເຊີນກັບ​ຝ່າຍ​ກົງ​ກັນ​ຂ້າມ?,Laos
ເມື່ອ​ພວກ​ເຈົ້າ​ປະ​ເຊີນກັບ​ການ​ລໍ້​ລວງ​ທາງສິນ​ທຳ​ຕ່າງໆ​ນາໆ—ບໍ່​ວ່າ​ຈະ​ເປັນ​ຕອນ​ຢູ່​ກັບ​ໝູ່​ເພື່ອນ ຫລື ຕອນ​ຢູ່​ຄົນ​ດຽວ ຈ້ອງ​ຢູ່​ໜ້າ​ຈໍ—ພວກ​ເຈົ້າ​ຮູ້​ຈັກຍຸດ​ທະ​ວິ​ທີ​ຂອງ​ເກມ​ຂອງ​ພວກ​ເຈົ້າ.,Laos
"ຖ້າ​ຫາກ​ໝູ່​ເພື່ອນ​ຄົນ​ໃດ​ຊວນ​ພວກ​ເຈົ້າ​​ດື່ມ​ຂອງ​ມຶນ​ເມົາ ຫລື ລອງ​ໃຊ້​ຢາ​ເສບ​ຕິດ, ພວກ​ເຈົ້າ​ຮູ້​ຈັກ​ຍຸດ​ທະ​ວິ​ທີ. ພວກ​ເຈົ້າ​ເຄີຍ​ເຝິກ​ຝົນ​ມາ​ແລ້ວ ແລະ ຮູ້​ຈັກ​ວິ​ທີ​ທີ່​ຈະໂຕ້​ຕອບ ລ່ວງ​ໜ້າ​ແລ້ວ.",Laos
ຂ້າ​ພະ​ເຈົ້າ​ໄດ້​ຂໍ​ໃຫ້​ເຈົ້າ​ໜ້າ​ທີ່​ຊັ້ນ​ຜູ້​ໃຫຍ່ສອງ​ສາມ​ຄົນ ແນະ​ນຳຍຸດ​ທະ​ວິ​ທີ​ບາງ​ຢ່າງ ເພື່ອ​ພວກ​ເຈົ້າຈະ​ໄດ້​ຕື່ມ​ມັນ​ໃສ່​ໃນປຶ້ມ​ຍຸດ​ທະ​ວິ​ທີຂອງ​ພວກ​ເຈົ້າ. ຕໍ່​ໄປ​ນີ້​ແມ່ນ​ຄຳ​ແນະ​ນຳ​ທີ່​ດົນ​ໃຈ​ຂອງ​ພວກ​ເພິ່ນ:,Laos
"ຈິມເມີ ເຟຼເດັດ, ຕອນເປັນ​ມັກ​ຄະ​ນາຍົກ ​ທີ່​ພວມຮຽນ​ມັດ​ກາ​ລະ​ວັດ, ກ່າວ​ວ່າ “ຂ້າ​ນ້ອຍ​ໄດ້​ຮຽນເພິ່ງຄວາມ​ຮູ້ ແລະ ສັດ​ທາ​ຂອງ​ຕົວ​ເອງ ເຖິງ​ຄວາມ​ຈິງ​ຂອງ​ພຣະ​ກິດ​ຕິ​ຄຸນ",Laos
ການ​ສະຫຼອງ​ບຸນປີ​ໃໝ່​ລາວ​ປີນີ້​ ແມ່ນຄ້າຍຄືກັບສອງປີທີ່ຜ່ານມາ ທັງ​ພາຍ​ໃນແລະ ຕ່າງ​ປະ​ເທດຍ້ອນ​ບັນ​ຫາ​ການ​ລະ​ບາດ​ຂອງ​ໂຄວິດ-19. ເມື່ອບໍ່ດົນມານີ້​ທາງ​ການ​ລາວ​ແມ່ນໄດ້​ປະ​ກາດ​ໂຈະ​ການ​ສະ​ເຫຼີມ​ສະຫຼອງ​ຕ່າງໆ ເພື່ອຫຼີກ​ລ່ຽງ​ການ​ລະ​ບາດ​ເພີ່ມ​ເຕີມ​ຂອງ​ໄວ​ຣັ​ສ​ນັ້ນ.,Laos
"ສຳລັບຢູ່ປະເທດການາດາ, ໃນນະຄອນຫຼວງ ອັອດຕາວາ, ປະຊາຊົນລາວແມ່ນຈະພາກັນໄປວັດລາວ ແຕ່ປະຊາຊົນບາງຄົນກໍມີຄວາມເປັນຫ່ວງ ກ່ຽວກັບ ໂຄວິດ-19 ເພາະວ່າຈຳນວນຜູ້ຕິດເຊື້ອ ແມ່ນໄດ້ເພີ່ມຂຶ້ນຫຼາຍ.",Laos
"ດັ່ງທີ່ແມ່ຍິງຄົນນຶ່ງໄດ້ກ່າວຕໍ່ພວກເຮົາວ່າ “ຂ້າພະເຈົ້າຈະໄປວັດວັນເສົານີ້ແຕ່ກໍຕ້ອງໄດ້ລະມັດລະ ວັງ, ມັນເປັນຕາຢ້ານຫຼາຍ ມີຄົນຕາຍຫຼາຍຢູ່ອັອດຕາວາ, ຄົນເປັນຫຼາຍທຸກມື້ ໄປວຽກກໍບໍ່ໄດ້ໄປເຮັດຫຼາຍ, ໄປຕະຫຼາດນິ ຂ້າພະເຈົ້າຕ້ອງໄດ້ໄປເທື່ອນຶ່ງຕໍ່ອາ ທິດ.”",Laos
"ສ່ວນຢູ່ ສະຫະລັດ ປະຊາຊົນແມ່ນຈະພາກັນໄປບຸນຢູ່ວັດລາວຕ່າງໆ, ເຊິ່ງປີນີ້ກໍອາດຈະໄດ້ມີການຫົດນໍ້າກັນ ເພາະວ່າອາກາດກໍເລີ່ມຮ້ອນຂຶ້ນແລ້ວ ໂດຍສະ ເພາະ ໃນເຂດນະຄອນຫຼວງວໍຊິງຕັນ.",Laos
ລັດຖະບານລາວແມ່ນເຄັ່ງຄັດຫຼາຍກັບການອອກຄຳສັ່ງຂອງລັດຖະບານ ເຊິ່ງຊາວບ້ານທ່ານນຶ່ງ ຢູ່ບ້ານໜອງບອນໄດ້ກ່າວຕໍ່ພວກເຮົາວ່າ “ງຽບເຫງົາຫຼາຍ ເພາະວ່າທາງການບໍ່ອະນຸຍາດໃຫ້ຫຼິ້ນແບບສາດນໍ້າໃສ່ກັນຕາມຖະໜົນຫົນທາງ,Laos
"ບໍ່ໃຫ້ມີການເຕົ້າໂຮມກັນເປັນຈຳນວນຫຼວງຫຼາຍ, ມີສາລະວັດທະຫານເລາະລາດຕະເວນ ຖ້າເຂົາເຫັນພວກໃດຝ່າຝືນເຂົາກໍຈະຈັບ. ຍ້ອນແນວນັ້ນຈຶ່ງບໍ່ມີໃຜກ້າຫຼິ້ນ.”",Laos
ໃນສອງ​ຄັ້ງ​ທີ່​ຜ່ານ​ມາ ສ​ປ​ປ ລາວ​ໄດ້​ງົດອອກ​ສຽງ​ກ່ຽວ​ກັບ​ສົງ​ຄາມ​ໃນ​ຢູ​ເຄ​ຣນ ຫລັງ​ຈາກ​ຣັດ​ເຊຍ​ເລີ້ມ​ບຸກ​ລຸກ​ປະ​ເທດ​ດັ່ງ​ກ່າວຢ່າງ​ເຕັມ​ສ່ວນນັບ​ແຕ່​ວັນ​ທີ 24 ກຸມ​ພາ​ເປັນ​ຕົ້ນ​ມາ.,Laos
ຄະນະຕຸລາການໄດ້ພິຈາລະນາເປັນເວລາສີ່ຊົ່ວໂມງ ກ່ອນຈະພົບວ່າ ທ້າວແອລ ຊາຟີ ແອລເຊກ ມີຄວາມຜິດ ໃນທຸກຂໍ້ຫາ.,Laos
ທ້າວແອລເຊກ ໄດ້ຢືນເສີຍໂດຍບໍ່ເໜັງຕີງ ແລະບໍ່ສະແດງ ປະຕິກິລິຍາໃດໆ ທີ່ສາມາດມອງເຫັນໄດ້ ຂະນະທີ່ຄຳຕັດສິນຖືກອ່ານຢູ່ນັ້ນ. ບັດນີ້ ລາວປະເຊີນກັບການ​ຖືກໂທດຈຳຄຸກຕະຫຼອດຊີວິດ.,Laos
ແຕ່​ວ່າ ໃນ​ວັ​ທີ 7 ເມ​ສາ​ຜ່ານ​ມານີ້ ສະ​ມັດ​ຊາ​ໃຫຍ່​ອົງ​ການ​ສະ​ຫະ​ປະ​ຊາ​ຊາດໄດ້​ເອົາ​ບາດ​ກ້າ​ວ​ທີ່​ບໍ່​ຄ່ອຍ​ເຫັນ​ກັນດ້ວຍ​ການຈັດ​ໃຫ້​ມີ​ການ​ລົງ​ຄະ​ແນນ​ສຽງຕໍ່​ຍັດ​ຕິທີ່ສັ່ງ​ໃຫ້​ຣັດ​ເຊຍ​ໂຈະ​ການ​ເປັນ​ສະ​ມາ​ຊິກ​ຊົ່ວ​ຄາວ​ຢູ່​ໃນ​ສະ​ພາ​ສິດ​ທິ​ມະ​ນຸດ​ຂອງ​ອົງ​ການ​ສະ​ຫະ​ປະ​ຊ​າ​ຊາດ.,Laos
ການນຕັດສິນວ່າມີຄວາມຜິດ ມີຂຶ້ນແມ່ນກະທັງວ່າ ບໍ່ມີໂຕປະກັນທີ່ລອດຕາຍຄົນໃດ ສາມາດລະບຸໂຕທ້າວແອລເຊກ ໄດ້ວ່າເປັນຜູ້ຈັບກຸມພວກເຂົາ.,Laos
ເຖິງແມ່ນວ່າ ພວກບີໂທສ໌ ໄດ້ມີສຳນຽງທີ່ໂດດເດັ່ນກໍຕາມ ພວກເຂົາກໍໄດ້ພະຍາຍາມປິດບັງໃບໜ້າເຂົາເຈົ້າ ໃນດ້ານຫຼັງຂອງໜ້າກາກ ຢູ່ສະເໝີ ແລະໄດ້ສັ່ງການໃຫ້ພວກໂຕປະກັນຫລີກເວັ້ນການແນມເບິ່ງສາຍຕາ ຫຼືບໍ່ດັ່ງນັ້ນກໍສ່ຽງທີ່ຈະຖືກທຸບຕີ.,Laos
ໃນ​ກ​ານ​ລົງ​ຄະ​ແນນ​ສຽງ​ຄັ້ງ​ທີ 3 ລາວ​ແມ່ນ​ຮວມ​ຢູ່​ໃນ 24 ປະ​ເທດ​ທີ່ບໍ່​ເຫັນ​ດີ​ນຳ​ຍັດ​ຕິດັ່ງ​ກ່າວ ​ຂະ​ນະ​ທີ່ ມີ 93 ປະ​ເທດ​ທີ່​ເຫັນ​ດີ​ນຳ ແລະ 58 ປະ​ເທດບໍ່​ອອກ​ສຽງ​.,Laos
ທ່ານບອກ​ອີກວ່າ ​ການ​ລະ​ເມີດ​ສິດ​ມະ​ນຸດ​ຂອງ​ຣັດ​ເຊຍ​ໃນ​ຢູ​ເຄ​ຣນນັ້ນ ເປັນ​ການ​ຈະ​ແຈ້ງ​ທີ່​ສຸດ ເພາະ​ມີ​ການ​ເກັບ​ກຳ​ຫລັກ​ຖານ​ມາ​ຈາ​ກ​ຫລາຍ​ແຫລ່ງ​ ແລະ​ມີ​ພາບ​ທີ່​ຖ່າຍ​ຈາກ​ດາວ​ທຽມ​ໃນ​ມື້​ທີ່​ເກີດ​ເຫດປະ​ກອບ​ໄປ​ນ້ຳ​ດ້ວຍ.,Laos
ແຕ່ເນື່ອງ​ຈາກ​ການ​ເສບ​ຂ່າວ​ຂອງ​ຄົນ​ລາວ ແລະ​ການ​ນຳ​ບາງ​ຄົນ ແມ່ນບໍ່​ໄດ້ມາ​ຈາກ​ຫລາຍ​ແຫລ່ງ ທີ່​ໜ້າ​ເຊື່ອ​ຖື​ໄດ້​ຈຶ່ງ​ສະ​ຫລຸບ​ວ່າຢູ​ເຄ​ຣນ​ເປັນ​ຜູ້​ເສກ​ສັນ​ປັ້ນ​ເລື້ອງຂຶ້ນ​ມາ ຊຶ່ງທ່ານ​ອະ​ທິ​ບາຍ​ວ່າ:,Laos
ທ່ານບອກວ່າ​ມັນເປັນ​ໄປ​ບໍ່​ໄດ້​ທີ່​ລັດ​ຖະ​ບານ​ຢູ​ເຄ​ຣນ​ຈະ​ເອົາ​ສົບ​ຂອງ​ປະ​ຊາ​ຊົນ​ຂອງ​ຕົນ​ເອງ​ມາ​ຮວມ​ກັນແລ້ວ​ສ້າງວີ​ດິ​ໂອ ແລະ​ພາບ​ຂຶ້ນ​ມາ​ ເພື່ອ​ຈະ​ໃສ່​ຮ້າຍ​ປ້າຍ​ສີ​ຢູ​ເຄ​ຣນໄດ້.,Laos
ລັດຖະບານລາວໃຫ້ບູລິມະສິດເປັນອັນດັບນຶ່ງໃນການຈັດສັນງົບປະມານເພື່ອການປ້ອງກັນປະເທດ ແລະ ການຮັກສາຄວາມສະຫງົບພາຍໃນ ສ່ວນດ້ານການສຶກສາ ແລະ ສາທາລະນະສຸກເປັນບູລິມະສິດອັນດັບຮອງ.,Laos
ເຈົ້າໜ້າທີ່ຂັ້ນສູງໃນກະຊວງແຜນການ ແລະ ການລົງທຶນເປີດເຜີຍວ່າລັດຖະບານ ລາວ ໄດ້ກຳນົດໃຫ້ງົບປະມານເພື່ອການປ້ອງກັນຊາດ ແລະ ການປ້ອງກັນຄວາມສະຫງົບພາຍໃນເປັນພາກສ່ວນງົບປະມານທີ່ປິດລັບ,Laos
ບໍ່ຕ້ອງສະແດງລາຍລະອຽດການໃຊ່ຈ່າຍງົບປະມານຕໍ່ສະພາແຫ່ງຊາດນັບແຕ່ປີ 2015 ເປັນຕົ້ນມາແລ້ວ ເນື່ອງ,Laos
ຈາກວ່າການປ້ອງກັນຊາດ ແລະ ການປ້ອງກັນຄວາມສະຫງົບດັ່ງກ່າວຖືເປັນວຽກງານສຳຄັນທີ່ສຸດຕໍ່ສະຖຽນລະພາບທາງການເມືອງ,Laos
ຄວາມໝັ້ນຄົງແຫ່ງຊາດຈຶ່ງຕ້ອງມີການປິດລັບດ້ວຍການບໍ່ສະແດງລາຍງານຢ່າງເປີດເຜີຍຕໍ່ໜ່ວຍງານໃດ ນອກຈາກການສະແດງລາຍງານຢ່າງປິດລັບຕໍ່ພັກ-ລັດ,Laos
ສະພາແຫ່ງຊາດລາວເທົ່ານັ້ນ ພ້ອມກັນນີ້ການຈັດສັນງົບປະມານໃຫ້ກະຊວງປ້ອງກັນຊາດ (ປກຊ) ແລະ ກະຊວງປ້ອງກັນຄວາມສະຫງົບ(ປກສ) ກໍ່ຖືກຍັງເປັນບູລິມະສິດອັນດັບນຶ່ງຂອງລັດຖະບານອີກດ້ວຍ ດັ່ງທີ່ເຈົ້າໜ້າທີ່ຂັ້ນສູງຂອງລາວໄດ້ໃຫ້ການຢືນຢັນວ່າ,Laos
ທະນາດ້ານການສຶກສາ ແລະ ບໍລິການດ້ານສາທາລະນະສຸກ ຄິດເປັນສັດສ່ວນເກີນກວ່າ 2 ເທົ່າຕົວໃນຕະ ຫຼອດ 5 ປີທີ່ຜ່ານມາ.,Laos
ກ່ອນໜ້ານີ້ສະພາແຫ່ງຊາດລາວກໍໄດ້ຮັບຮອງກົດໝາຍວ່າດ້ວຍຊາຍແດນແຫ່ງຊາດ ເມື່ອເດືອນພະຈິກ 2021 ແນໃສ່ການເພີ່ມປະສິດທິພາບການປາບປາມອາຊະຍາກຳທຸກຮູບແບບຢູ່ຊາຍແດນລາວກັບເພື່ອນບ້ານ ລວມເຖິງການພັດທະນາເສດຖະກິດການຄ້າ,Laos
ການລົງທຶນທີ່ປາສະຈາກບັນຫາອາຊະຍາກຳໃຫ້ໄດ້ຢ່າງແທ້ຈິງ ທັງນີ້ແກັ່ງອາຊະຍາກຳ ຈີນ ຖືເປັນແກັ່ງອາຊະຍາກອນທີ່ຖືກຈັບກຸມໃນລາວຫຼາຍທີ່ສຸດນັບແຕ່ປີ 2018 ເປັນຕົ້ນມາໂດຍຜະ ແນກປ້ອງກັນຄວາມສະຫງົບແຂວງບໍ່ແກ້ວ,Laos
"ຫຼວງນໍ້າທາ ໄດ້ສົ່ງຕົວຊາວ ຈີນ ໃຫ້ກັບຕຳຫຼວດຈີນທີ່ແຂວງຢຸ່ນໜານຫຼາຍກວ່າ 1,000 ຄົນທີ່ພົວພັນກັບແກັ່ງຄ້າຢາເສບຕິດ-ຄ້າມະນຸດ",Laos
ແກັ່ງການພະນັນອອນໄລນ໌ ແລະ ຟອກເງິນຂ້າມຊາດ ຊຶ່ງເຮັດໃຫ້ລັດຖະບານ ລາວ ຕ້ອງນຳໃຊ້ງົບປະມານເຂົ້າໃນການປ້ອງກັນຊາດ ແລະ ປ້ອງກັນຄວາມສະຫງົບດັ່ງກ່າວນີ້ຫຼາຍກວ່າງົບປະມານທີ່ນຳໃຊ້ເພື່ອພັດ,Laos
ເຈົ້າໜ້າທີ່ຂັ້ນສູງໃນກົມການຄ້າ ກະຊວງອຸດສາຫະກໍາ ແລະການຄ້າເປີດເຜີຍວ່າ ນາຍົກລັດຖະມົນຕີໄດ້ມີຄໍາສັ່ງແຕ່ງຕັ້ງຄະນະຊີ້ນໍາວຽກງານການຄຸ້ມຄອງລາຄາສິນຄ້າໃນທົ່ວປະເທດລາວເມື່ອບໍ່ດົນມານີ້ ພາຍໃຕ້ເປົ້າໝາຍເພື່ອໃຫ້ດໍາເນີນການກວດກາ,Laos
"ຄວບຄຸມບໍ່ໃຫ້ເກີດການສວຍໂອກາດປັບລາຄາສິນຄ້າຂຶ້ນຕາມໃຈຕົນເອງ ຂອງບັນດາຜູ້ປະກອບກິດຈະການການຄ້າດ້ວຍ 8 ດ້ານດ້ວຍກັນຄື ອຸດສາຫະກໍາ-ຫັດຖະກໍາ, ກະສິກໍາ-ປ່າໄມ້, ສາທາລະນະສຸກ",Laos
ທ່ານ ​ຄໍ​າແພງ ໄຊ​ສົມ​ແພງ ລັດ​ຖະ​ມົນ​ຕີ​ກະ​ຊວງ​ອຸດ​ສາ​ຫະ​ກໍ​າ ແລະ ການ​ຄ້າ (ອ​ຄ) ໄດ້​ຖະ​ແຫຼງ​ຕໍ່​ສື່ມວນ​ຊົນ​ເມື່ອ​ວັນ​ທີ 10 ພຶດ​ສະ​ພາ 2022 ທີ່​ກະ​ຊວງ ອ​ຄ ໃຫ້​ຮູ້​ວ່າ:,Laos
ນໍ້າມັນແພງ! ນໍ້າມັນຂາດປໍ້າ ເກີດຈາກຫຼາຍປັດໄຈ ແຕ່ລັດຖະບານເຮັດທຸກວິທີທາງເພື່ອຊ່ວຍເຫຼືອປະຊາຊົນ.,Laos
ເໜັງຕີງຂຶ້ນສູງ. ຕໍ່​ບັນ​ຫາ​ດັ່ງ​ກ່າວ​ນັ້ນ ໄດ້ສົ່ງຜົນກະ​ທົບໂດຍກົງເຮັດໃຫ້ລາຄາຂາຍຍ່ອຍນ້ຳມັນເຊື້ອໄຟພາຍໃນປະເທດເຮົາປັບຂຶ້ນເປັນເງົາຕາມໂຕ ຊຶ່ງການປັບລາຄາໃນຄັ້ງວັນທີ 30 ເມສາ 2022 ທີ່ຜ່ານມາ ແມ່ນມີຄວາມຈຳເປັນເພື່ອເຮັດໃຫ້ລາຄາປັບປ່ຽນທັນຕາມສະພາບການ.,Laos
ແຕ່ດ້ວຍປັດໄຈພາຍນອກ ຄຽງຄູ່ກັບບັນຫາ​ອັດ​ຕາ​ແລກ​ປ່ຽນ​ເງິນ​ຕາ​ຕ່າງ​ປະ​ເທດ​ ມີ​ສ່ວນ​ຜິດ​ດ່ຽງສູງລະ​ຫວ່າງ​ທະ​ນາ​ຄານ​ທຸ​ລະ​ກິດ ກັບຮ້ານ​ແລກ​ປ່ຽນ​ເງິນຕາ,Laos
ການ​ປະ​ຕິ​ບັດ​ມາດ​ຕະ​ການຄວບ​ຄຸມ ແລະ ປ້ອງ​ກັນການ​ແຜ່ລະບາດຂອງພະຍາດ COVID-19 ທີ່​​ຕ້ອງເພີ່ມ​ຂັ້ນ​ຕອນ ແລະ ເພີ່ມລາຍ​ຈ່າຍ​​ຂອງ​ຜູ້​ປະ​ກອບ​ການ​,Laos
"ຮັດ​ໃຫ້​ຫຼາຍ​ບໍ​ລິ​ສັດ​​ຕົກຢູ່​ໃນ​ສະພາບ​ຂາດ​ທຶນ ແລະ ບໍ່​ສາ​ມາດ​ນຳ​ເຂົ້າ​ນ້ຳ​ມັນ​ເຊື້ອ​ໄຟ​ມາ​ຮັບ​ໃຊ້​ສັງ​ຄົມ​​ໄດ້ຢ່າງ​ທົ່ວ​ເຖິງ. ອີກ​ດ້ານ​ໜຶ່ງ,",Laos
"ຫັນ​ວ່າມີ​ບາງ​ບໍ​ລິ​ສັດ​​ທີ່ມີ​ການ​ເຄື່ອນ​ໄຫວ​ບໍ່​ຖືກ​ຕ້ອງ, ໂດຍ​ສະ​ເພາະແມ່ນ​ປ້ຳ​ບໍ​ລິ​ການ​ນ້ຳ​ມັນເຊື້ອໄຟ ຈຳ​ນວນ​ໜຶ່ງ ມີ​ການ​ລັກ​ລອບຊື້​ນ້ຳ​ມັນ​ຈາກ​ພາກ​ສ່ວນ​ອື່ນ​ມາ​ລົງ​ປ້ຳ​, ...",Laos
ແຂ່ງຂັນກິລານັກຮຽນທົ່ວແຂວງສະຫວັນນະເຂດ ປະຈຳເຂດ 6 ເພື່ອກະກຽມເຂົ້າຮ່ວມງານມະຫະກໍາກິລາແຫ່ງຊາດ ຄັ້ງທີ XI ພິທີເປີດງານແຂ່ງຂັນກິລານັກຮຽນສາມັນທົ່ວແຂວງ,Laos
"ສະຫວັນນະເຂດ ປະຈໍາເຂດ 6 ສົກຮຽນ 2021-2022 ໄດ້ຈັດຂຶ້ນເມື່ອບໍ່ດົນມານີ້ ທີ່ສະໜາມກິລາແຂວງ (ຫຼັກ4) ງານແຂ່ງຂັນກິລາຄັ້ງນີ້,",Laos
"ຈັດຂຶ້ນເພື່ອສ້າງຄວາມສາມັກຄີມິດຕະພາບ ແລະ ພັດທະນາເຍົາວະຊົນ-ຊາວໜຸ່ມທາງດ້ານແນວຄິດ ແລະ ສຸຂະພາບໃຫ້ມີນໍ້າໃຈຮັກຊາດ, ເປັນເຈົ້າຕົນເອງ, ສ້າງຄວາມຟົດຟື້ນ",Laos
"ນໍາເອົາການກິລາເປັນກິດຈະກໍາສົ່ງເສີມພະລັງຂອງຄົນຮຸ່ນໜຸ່ມ, ໃຫ້ເຊື່ອມສານຈິດໃຈແຫ່ງຄວາມສາມັັກຄີ, ມິດຕະພາບ, ເພື່ອສຸຂະພາບ. (ທ່ານ ແກ່ນຕາ ສຸວົງເດືອນ) ແລະ ເພື່ອຄັດເລືອກເອົານັກກິລາທີ່ດີເດັ່ນຂອງແຕ່ລະເມືອງໃນ 14 ຕົວເມືອງ",Laos
1 ນະຄອນ ເພື່ອກະກຽມເຂົ້າຮ່ວມງານມະຫະກໍາກິລາແຫ່ງຊາດ ຄັ້ງທີ XI ທີ່ແຂວງຊຽງຂວາງເປັນເຈົ້າພາບ ແລະ ງານແຂ່ງຂັນກິລານັກຮຽນມັດ ທະຍົມສຶກສາທົ່ວປະເທດ ຄັ້ງທີ VII ທີ່ແຂວງສາລະວັນເປັນເຈົ້າພາບ.,Laos
ຄາດວ່າພາຍໃນເດືອນພະຈິກ ຫາເດືອນທັນວາ 2022 ຈະມີການກະກຽມຕົວນັກກິລາເຂົ້າຮ່ວມງານແຂ່ງ ຂັນກິລາແຫ່ງຊາດ. (ທ່ານ ສົມສິດ ຫວັນນະບົວທອງ) ຂ່າວ: ສະຫວັນນະເຂດ,Laos
"ວັນທີ 9 ພຶດສະພາ 2022, ຫວຽດນາມ ​​ເປີດສູນສື່ມວນຊົນ (MPC) ແລະ ສູນໂທລະພາບ ສາກົນ (IBC) ຂອງງານມະຫາກຳ ກິລາ ອາຊີ ຕາເວັນອອກ ສ່ຽງໃຕ້ ຄັ້ງທີ 31",Laos
"ຢ່າງເປັນທາງການ ຢູ່ສູນກອງປະຊຸມ ແຫ່ງຊາດ ນະຄອນຫລວງ ຮ່າໂນ້ຍ.​ ໂດຍສູນສື່ມວນຊົນ ດັ່ງກ່າວ ຈະຮັບໜ້າທີ່ ສ້າງທຸກເງື່ອນ ໄຂສະດວກ ເພື່ອໃຫ້ ພະນັກງານ,",Laos
"ນັກຂ່າວ ເຮັດວຽກຢູ່ SEA Games 31 ຄື: ສະໜອງ, ໜູນຊ່ວຍ ບັນດາການບໍລິການ ຮັບໃຊ້ການໃຫ້ຂ່າວຂອງນັກຂ່າວ; ລະບົບ ເຕັກໂນໂລຊີ ຂໍ້ມູນ ຂ່າວສານ ຂຸດຄົ້ນ ແລະ ສົ່ງຂ່າວ,",Laos
ການຖິ້ມຂີ້ເຫຍື້ອຍຊະຊາຍຕາມແຄມທາງເປັນປັນຫາໜ້າຫ່ວງ ວອນທຸກພາກສ່ວນຄວນຮ່ວມມືກັນແກ້ໄຂຢ່່າງຈິງຈັງ. ການຖິ້ມຂີ້ເຫຍື້ອແຄມທາງຫຼວງເລກທີ 13 ໃຕ້ ກາຍເປັນ,Laos
ບັນຫາທີ່ຄວນເອົາໃຈໃສ່ຢ່າງຮີບດ່ວນ ຖ້າພວກເຮົາບໍ່ ຢາກເຫັນແຕ່ຖົງຢາງ ກະຕຸກປລາສຕິກຢັ່ງຢາຍປານກອງຂີ້ເຫຍື້ອຢູ່ຕາມສອງຟາກທາງແຕ່ເຫນືອຮອດໃຕ້,Laos
ການສົ່ງເສີມການທ່ອງທ່ຽວຂອງລັດຖະບານທີ່ຖືເປັນບູລິມະສິດນັ້ນ ກໍຄົງສ້າງຄວາມຜິດຫວັງ ບໍ່ຫນ້ອຍເມື່ອນັກທ່ອງທ່ຽວເດີນທາງດ້ວຍລົດຕາມເສັ້ນທາງ ແລ້ວເຫັນກອງຂີ້ເຫຍື້ອຖົງຢາງ,Laos
ແລະ ກະຕຸກ ປລາສຕິກຢັ່ງຢາຍຕາມເສັ້ນທາງ ເຊິ່ງບໍ່ແມ່ນສິ່ງທີ່ເຂົາເຈົ້າປາຖະຫນາຢາກເຫັນເມື່ອມາຢ້ຽມຢາມພວກເຮົາ ບໍ່ຕ່າງຫຍັງກັບວ່າ ເຮົາເຊີນແຂກມາບ້ານ ແຕ່ເຮືອນບໍ່ມ້ຽນມັດ. ການຖິ້ມຂີ້ເຫຍື້ອຊະຊາຍນີ້ ແມ່ນເກີດຂຶ້ນໄດ້ແນວໃດ?,Laos
ແລ້ວເຮົາສາມາດເຮັດຫຍັງໄດ້ແດ່? ຜ່ານມາມີບົດສໍາຫຼວດຫຼາຍສະບັບຂອງທາງພາກລັດ ແລະ ອົງການພັດທະນາຕ່າງໆ ສາມາດສະຫຼຸບໄດ້ວ່າ ສາເຫດຂອງການຖິ້ມຂີ້ເຫຍື້ອຊະຊາຍນັ້ນ ແມ່ນຂາດການບໍລິການ ການເກັບຂີ້ເຫຍື້ອຢ່າງທົ່ວເຖິງ ຕົວຢ່າງ,Laos
"ຢູ່ ນະຄອນຫຼວງວຽງຈັນ ການບໍລິການເກັບຂີ້ເຫຍື້ອກວມເອົາບໍ່ຮອດ 60% ຂອງພື້ນທີ່ ຫຼື ທົ່ວເຖິງແລ້ວ ປະຊາຊົນບໍ່ສາມາດ ຫຼື ບໍ່ຢາກຈ່າຍຍ້ອນຄ່າບໍລິການຂ້ອນຂ້າງສູງ, ຄວາມມັກງ່າຍ ແລະຂາດຈິດສໍານຶກຂອງປະຊາຊົນບາງກຸ່ມ ກໍແມ່ນສາເຫດຕົ້ນຕໍ່ ແລະ",Laos
ຍັງມີສາເຫດອື່ນໆ. ພວກເຮົາຄວນເຮັດແນວໃດ ເພື່ອແກ້ໄຂບັນຫານີ້? ການເລີ່ມຕົ້ນຈາກການ ປູກຝັງຈິດສໍານຶກ ຄຽງຄູ່ກັບການບັງໃຊ້ກົດລະບຽບກົດຫມາຍທີ່ກ່ຽວຂ້ອງ ເຊັ່ນ ການປັບໃຫມຜູ້ຖິ້ມຂີ້ເຫຍື້ອຊະຊາຍທີ່ທາງ ນະຄອນຫຼວງວຽງຈັນໄດ້ຈັດຕັ້ງປະຕິດນັ້ນກໍ,Laos
ເຫັນເປັນແບບຢ່າງທີ່ດີ. ການເພີ່ມການບໍລິການເກັບຂີ້ເຫຍື້ອ ຢ່າງທົ່ວເຖິງນັ້ນກໍແມ່ນວຽກງານສໍາຄັນຂອງລັດຖະບານທີ່ຈະຕ້ອງພິຈາລະນາໃນການລົງທຶນຫຼາຍຂຶ້ນ,Laos
ເມື່ອພວກເຮົາບໍ່ໃຫ້ປະຊາຊົນຖິ້ມຊະຊາຍ ຫຼື ຈູດຂີ້ເຫຍື້ອນັ້ນ ກໍຈະສາມາດເຮັດໄດ້ໃນເມື່ອທີ່ທາງພາກສ່ວນທີ່ກ່ຽວຂ້ອງສາມາດຕອບສະຫນອງການບໍລິການເກັບມ້ຽນຂີ້ເຫຍື້ອຢ່າງທົ່ວເຖິງ ຖ້າບໍ່ດັ່ງນັ້ນປະຊາຊົນກໍ່ບໍ່ມີທາງເລືອກ ...,Laos
"ບໍລິສັດ ລ້ານຊ້າງ ມິເນໂຣນ ລິມິເຕັດ (ລຊມລ) ໄດ້ມອບອາກອນກຳໄລຈຳນວນ 13,3 ລ້ານກວ່າໂດລາ ຈາກການຜະລິດຄຳ ແລະ ທອງ ໃນສົກປີ 2021",Laos
"ຊຶ່ງລວມເປັນລາຍຮັບທັງໝົດທີ່ໄດ້ມອບໃຫ້ແກ່ລັດຖະບານລາວ ໃນສົກປີ 2021 ຈໍານວນ 40,84 ລ້ານກວ່າໂດລາ (ໃນນັ້ນລວມມີ ອາກອນກຳໄລ, ຄ່າຊັບພະຍາກອນແຮ່ທາດ, ເງິນປັນຜົນ, ແລະ ພັນທະອື່ນໆ).",Laos
ພິທີດັ່ງກ່າວໄດ້ຈັດຂຶ້ນໃນວັນທີ 5 ພຶດສະພາ ຜ່ານມາ ທີ່ກົມສ່ວຍສາອາກອນ ກະຊວງການເງິນ. ທ່ານ ສະໝານ ອະເນກາ ໄດ້ກ່າວວ່າ: “ບໍລິສັດ ລຊມລ ໃນຖານະທີ່ເປັນຄູ່ຮ່ວມງານທີ່,Laos
"ຍາວນານ ທັງເປັນຜູ້ເສຍອາກອນລາຍໃຫຍ່ ໃຫ້ແກ່ ສປປ ລາວ. ໂຄງການຄຳ-ທອງ ເຊໂປນ ຍັງຈະສືບຕໍ່ຂະຫຍາຍຕົວ, ໃນຖານະທີ່ເປັນວິສາຫະກິດຂຸດຄົ້ນບໍ່ແຮ່ໃນ ສປປ ລາວ ທີ່ໄດ້ຮັບການຢັ້ງຢືນກຽດຕິສັກໃນລະດັບ A (+) ຕະຫຼອດມາ ຈາກກະຊວງ",Laos
"ພະລັງງານ ແລະ ບໍ່ແຮ່, ໂຄງການຄຳ-ທອງ ເຊໂປນ ກຳລັງດໍາເນີນການສ້າງອຸໂມງສຳຫຼວດບໍ່ແຮ່ໃຕ້ດິນ ແບບມືອາຊີບທີ່ທັນສະໄໝແຫ່ງທຳອິດ ໃນ ...",Laos
"ແຈ້ງການ ຈາກຫ້ອງວ່າການສໍານັກງານນາຍົກລັດຖະມົນຕີເລກທີ 627 /ຫສນຍ ນະຄອນຫຼວງວຽງຈັນ, ວັນທີ07. 5.2022 ເລື່ອງ:",Laos
ທິດຊີ້ນໍາກ່ຽວກັບມາດຕະການໃນການເຂົ້າ-ອອກ ສປປ ລາວ ແລະ ມາດຕະການຜ່ອນຜັນພາຍໃນ່ ປະເທດ ໃນໄລຍະມີການລະບາດຂອງພະຍາດໂຄວິດ-19 ຫ້ອງວ່າການສໍານັກງານນາຍົກລັດຖະມົນຕີ ຂໍຖືເປັນກຽດແຈ້ງ,Laos
ການຕົກລົງ ແລະ ຊີ້ນໍາ ຂອງລັດຖະບານ ມາຍັງທ່ານ ເພື່ອຊາບ ແລະ ຈັດຕັ້ງປະຕິບັດ ດັ່ງນີ້: ເຫັນດີໃຫ້ຜ່ອນຜັນມາດຕະການໃນການເຂົ້າ-ອອກ ສປປ ລາວ ດັ່ງນີ້: 1) ເປີດດ່ານສາກົນ,Laos
"ທຸກດ່ານ ສໍາລັບການເຂົ້າ-ອອກ ຂອງພົນລະເມືອງລາວ, ຄົນຕ່າງດ້າວ, ຄົນຕ່າງປະເທດ ແລະ ຄົນບໍ່ມີສັນຊາດ. 2) ອະນຸຍາດໃຫ້ພົນລະເມືອງຂອງບັນດາປະເທດທີ່ມີສັນຍາຍົກເວັ້ນວີຊາ (VISA) ກັບ ສປປ ລາວ ແບບສອງຝ່າຍຫຼື ຝ່າຍດຽວ ສາມາດເດີນທາງ",Laos
"ເຂົ້າ ສປປ ລາວ ໂດຍບໍ່ຈໍາເປັນຕ້ອງຂໍVISA. 3) ສໍາລັບພົນລະເມືອງຂອງບັນດາປະເທດ ທີ່ບໍ່ມີສັນຍາຍົກເວັ້ນ VISA ກັບ ສປປ ລາວ ແມ່ນ ສາມາດຂໍ VISAຈາກສະຖານທູດ, ...",Laos
ຂໍສະແດງຄວາມຍິນດີ ກັບຜູ້ໂຊກດີຄົນທຳອິດທີ່ໄດ້ຮັບລົດຈັກ Honda Wave 100 ກັບ M-150 ໃຫ້ໂຊກ 2ຊັ້ນ ຈາກແຂວງ ສະຫວັນນະເຂດ ຢ່າຄອຍຖ້າ ເພາະວ່າ M-150 ຍັງ,Laos
ແຈກ ແຈກ ແຈກ ຢ່າງຕໍ່ເນື່ອງ ດື່ມກັນເລີຍ ເພາະທ່ານກໍ່ອາດເປັນຜູ້ໂຊກດີຄົນຕໍ່ໄປ M150LAOS #ບໍ່ມີລີມິດດ້ວຍພະລັງM150 #M150ໃຫ້ໂຊກ2ຊັ້ນ #ແຕ້ມເອັມລາວ,Laos
"ທະນາຄານກາງອິນເດຍ (RBI) ປັບຂຶ້ນອັດຕາດອກເບ້ຍຢືນຢັນວ່າວິທີນີ້ເໝາະສົມໃນການໃຊ້ກະກັດກັ້ນເງິນເຟີ້. ເມື່ອວັນທີ 4 ພຶດສະພາທີ່ຜ່ານມານີ້, ທະນາຄານກາງອິນເດຍ",Laos
"RBI) ໄດ້ປະກາດປັບຂຶ້ນອັດຕາດອກເບ້ຍຊື້ຄືນພັນທະບັດ (repo rate) 0,40% ສູ່ລະດັບ 4,40% ໃນກອງປະຊຸມ ໂດຍລະບຸວ່າ ເງິນເຟີ້ທີ່ເພີ່ມຂຶ້ນຢ່າງຕໍ່ເນື່ອງໄດ້ສ້າງແຮງກົດດັນຕໍ່ເສດຖະກິດຂອງປະເທດ. ອັດຕາຜົນຕອບແທນພັນທະບັດ",Laos
"ລັດຖະບານອິນເດຍອາຍຸ 10 ປີເພີ່ມຂຶ້ນທີ່ລະດັບ 7,41% ຫຼັງຈາກທະນາຄານກາງປະກາດປັບຂຶ້ນອັດຕາດອກເບ້ຍໄດ້ບໍ່ດົນ. ທ່ານ ຊັດຕິຄານຕາ ຄາສ ຜູ້ວ່າການທະນາຄານກາງອິນເດຍກ່າວວ່າ ຄະນະກຳມະການກຳນົດນະໂຍບາຍຂອງທະນາຄານ",Laos
"ກາງອິນເດຍໄດ້ພິຈາລະນາເຖິງທ່າອ່ຽງເງິນເຟີ້ ແລະ ຊີ້ໃຫ້ເຫັນວ່າ ການປັບຂຶ້ນອັດຕາດອກເບ້ຍເພື່ອສະກັດກັ້ນເງິນເຟີ້ ຖືວ່າເປັນເລື່ອງທີ່ເໝາະສົມ. ນອກຈາກນີ້, ຄະນະກຳມະການກຳນົດນະໂຍບາຍຂອງທະນາຄານກາງອິນເດຍຍັງເຫັນວ່າ ການໃຊ້",Laos
ນະໂຍບາຍການເງິນເພື່ອຮັບມືກັບວິກິດການໃນປັດຈຸບັນຈະຊ່ວຍສ້າງສະຖຽນລະພາບດ້ານການເງິນລະດັບມະຫາພາກ ທ່າມກາງຕະຫຼາດການເງິນທີ່ແປປ່ວນຫຼາຍຂຶ້ນໃນຂະນະນີ້. ຂໍ້ມູນ: ປະຊາຊົນ,Laos
"ວັນທີ4ພຶດສະພານີ້, ລາຄາ​ ນ້ຳມັນ ​ເຊື້ອ​ໄຟທີ່​ເພີ່ມ​ສູງ​ຂຶ້ນ​ທົ່ວ​ໂລກ​ເຮັດ​ໃຫ້ ລົດ​ໄຟຟ້າ ກາຍ​ເປັນ​ທາງ​ເລືອກ​ໃໝ່ ​ໃນ​ຍຸກ​ນນ້ຳ​ແພງ ​ໂດຍ​ສະ​ເພາະຊາວບຣາຊິນຈຳນວນ​ຫລາຍ ຫັນ​ໄປ​ໃຊ້​",Laos
ລົດຖີບໄຟຟ້າ ​ແລະ ລົດ​ໄຟຟ້າ ທີ່​ເປັນ​ ພະລັງງານ​ສະອາດ ​ເພີ່ມ​ສູງ​ຂຶ້ນ 27% ​ເມື່ອ​ທຽບ​ໃສ່​ ປີ​ກາຍ ​ແລະ ຄາດ​ວ່າປີ​ນີ້ຍອດ​ຈຳໜ່າຍລົດ​ໄຟຟ້າ ​ຈະ​ຂະຫຍາຍຕົວເພີ່ມ​ຂຶ້ນ​ເຖິງ50% ​ໂດ​ຍ,Laos
ລົດຖີບ ​ໄຟຟ້າ​ໄດ້​ຮັບ​ຄວາມ​ນິຍົມເພີ່ມ​ຂຶ້ນ​ ຢ່າງ​ຕໍ່​ເນື່ອງຍ້ອນ​ລາຄານ້ຳມັນ​ແພງ​ ເຮັດ​ໃຫ້​ຊາວບຣາຊິນ ຕ່າງ​ພາກັນຢຸດ​ໃຊ້​ລົດພະລັງງານເຊື້ອ​ເພີງ ​ແລະ ​ຫັນ​ມາ​ໃຊ້​ລົດ​ໄຟຟ້າແທນໃນການ​,Laos
ສູນສະຖິຕິແຫ່ງຊາດ ເຜີຍແຜ່ບົດບາຍງານ ສະພາບອັດຕາເງິນເຟີ້ອັດຕາເງິນເຟີ້ ປະຈຳເດືອນເມສາ 2022 ວ່າ: ສະພາບອັດຕາເງິນເຟີ້ລວມ ເດືອນເມສາ 2022 ທຽບກັບ ເດືອນ,Laos
ဆိုးရွားတဲ့ လူ့အခွင့်အရေးချိုးဖောက်မှုတွေ၊ အကျင့်ပျက်ခြစားမှုနဲ့ စီးပွားရေးပြိုလဲလုနီးနီး စစ်အုပ်ချုပ်ရေး ကာလတွေက အချက်အလက်တွေကို ချန်လှပ်ထားပြီး ရာဇ၀တ်မှုကင်းစင်တဲ့ ရွှေခေတ်,Myanmar
ချန်လှပ်ထားပြီး ရာဇ၀တ်မှုကင်းစင်တဲ့ ရွှေခေတ်ကြီးအဖြစ် မားကို့စ်ခေတ်ဟောင်းကို ပြန်လည်တံဆိပ်ကပ်ဖို့ လူမှုကွန်ရက်လှုံ့ဆော်စည်းရုံးမှု တစ်ခုလုပ်ခဲ့ကြပါတယ်။,Myanmar
အဲ့ဒီလှုံ့ဆော်မှုကို လွန်ခဲ့တဲ့ ဆယ်စုနှစ်တစ်ခုခန့်က စတင်ခဲ့ပြီး၊ ရာနှင့်ချီတဲ့ လိမ်လည်တည်းဖြတ်ထားတဲ့ ဗီဒီယိုတွေကို ယူကျုမှာတင်ပြီ,Myanmar
မမှန်ကြောင်း အစရှိသဖြင့် လှုံ့ဆော်ဖော်ပြခဲ့ကြပြီး ဖိလစ်ပိုင်နိုင်ငံသား သန်းပေါင်းများစွာကို ဆွဲဆောင်စည်းရုံး ခဲ့ပါတယ်။,Myanmar
မားကို့စ်ကို စော်ကားတာက တရားမျှတမှု မရှိကြောင်း၊ မားကို့စ် လောဘကြီးတယ်လို့ ဖော်ပြတဲ့ သတင်း ဇာတ်လမ်းတွေက,Myanmar
ပြီးတော့ မားကို့စ်မိသားစုက ပင်လယ်ရပ်ခြားမှာ သိမ်းထားတဲ့ငွေစာရင်းတွေ ဒါမှမဟုတ် လျှို့ဝှက်ထားတဲ့ ရွှေတုံးတွေကို,Myanmar
သိမ်းထားတာတွေရှိတယ်ဆိုတဲ့ ဒဏ္ဍာရီတွေ ဖိလစ်ပိုင်နိုင်ငံတွင်းက ဆင်းရဲတဲ့ဒေသတွေမှာ ရှိပေမယ့် ဒါတွေဟာ တစ်ချိန်မှ,Myanmar
သူတို့ မိသားစု အာဏာပြန်ရရင် ဖိလစ်ပိုင်ပြည်သူတွေကို အကျိုးပြုဖို့ သိမ်းထားတယ်ဆိုတဲ့ ဒဏ္ဍာရီတွေလည်း ရှိနေပါတယ်။,Myanmar
၁၉၈၆ ခုနှစ်နောက်ပိုင်း အုပ်ချုပ်ရေးယန္တရားက ဆင်းရဲနွမ်းပါး တဲ့ ဖိလစ်ပိုင် လူမျိုးတွေရဲ့ ဘဝတွေကို သိသာထင်ရှားတဲ့ တိုးတက်မှုတွေ မလုပ်ဆောင်နိုင်ခဲ့တဲ့အတွက် လူထုစိတ်ပျက်ခဲ့ရာ,Myanmar
တွေကနေလည်း မားကို့စ်ကို ထောက်ခံတဲ့ မဟုတ်မမှန် လုပ်ကြံလှုံ့ဆော်မှုအတွက် အမြတ်ထွက်ခဲ့ပါသေးတယ်။,Myanmar
ဘုံဘုံမားကို့စ်က သူ့ရှေ့က သမ္မတရိုဒရီဂို ဒူတာတေးလို အပြောင်းအလဲအတွက်လုပ်ဆောင်ပေးမယ့် ကိုယ်စားလှယ်လောင်း တစ်ယောက်အဖြစ် အောင်မြင်စွာ သရုပ်ဖော်နိုင်ခဲ့ပြီ,Myanmar
နိုင်ငံရေးအရ အပြောင်းအလဲလိုချင်တဲ့ ဖိလစ်ပိုင်လူထုကို ပျော်ရွှင်မှုနှင့် စည်းလုံးညီညွတ်မှုဆောင်ကျဉ်းပေးမယ်လို့ လည်း သူက ကတိပြုခဲ့ပါတယ်။,Myanmar
မစ္စတာမားကို့စ်ဟာ နိုင်ငံရေးလောကမှာတော့ လူသစ်တစ်ယောက်မဟုတ်ပါဘူး။ နှစ်ပေါင်းများစွာအတွင်း ရွေးကောက်,Myanmar
ခံရာထူးအသီးသီးကို တာဝန်ထမ်းဆောင်ခဲ့သူ ဖြစ်ပါတယ်။ ၂၀၁၆ ဒုသမ္နတ ရွေးကောက်ပွဲမှာ မစ္စရိုဘရီဒိုကို ရှုံးနိမ့်ခဲ့ပါတယ်။,Myanmar
အခုရွေးကောက်ပွဲ သူ့ရဲ့ မဲဆွယ်စည်းရုံးမှုတွေမှာ သူနိုင်ရင်ဘာလုပ်ပေးမယ်ဆိုတဲ့အစီအစဉ် ဒါမှမဟုတ် မူဝါဒတွေ ကို အသေးစိတ်မဖော်ပြထားဘဲ လွတ်လပ်တဲ့ မေးခွန်းထုတ်မှုတွေ,Myanmar
မွာ ေျမျပင္နယ္ေျမေတြမွာ ျဖစ္ပ်က္ေနေသာ မွန္ကန္တဲ့၊ ခိုင္လုံတဲ့ သတင္းေတြ၊ ႐ုပ္ပုံေတြ မရနိုင္ပါဘူး” လို႔ နန္းေဖာ့ေဂက,Myanmar
တြ၊ သတင္းသမားအဖြဲ႕အစည္းေတြက ေျပာထားၿပီးသား။ ခုလည္း ဘယ္လိုသေဘာနဲ႔ ညီလာခံက ဖိတ္တယ္ေတာ့ မေျပာ,Myanmar
ကမၻာ့မီဒီယာ ေကာင္စီမွာ စစ္ေကာင္စီလက္ေအာက္ခံ ျမန္မာသတင္းမီဒီယာေကာင္စီကို တက္ခြင့္ျပဳတာနဲ႔ပတ္သက္လို႔လည္း န,Myanmar
တတ္ဘူးေပါ့။ ျမန္မာနိုင္ငံ သတင္းေတြနဲ႔ ပတ္သက္ရင္လည္း သူတို႔ကို ဆက္သြယ္ၾကမွာမဟုတ္ပါဘူး။ သတင္းေထာက္ေတြက သူ,Myanmar
န္းေဖာ့ေဂက “သူတို႔အေနနဲ႔ လက္ရွိ စစ္ေကာင္စီေအာက္က ဖြဲ႕စည္းထားတဲ့ ျမန္မာသတင္းမီဒီယာေကာင္စီကို အာဏာသိမ္း,Myanmar
ထားၿပီး လက္ရွိ တိုင္းျပည္ကိုအုပ္ခ်ဳပ္ေနသူေတြရဲ့ မီဒီယာေကာင္စီတခုအျဖစ္ သေဘာထားၿပီး တက္ခြင့္ျပဳတာလို႔ပဲ ယူဆပါတ,Myanmar
ယ္။ အာဏာသိမ္းၿပီးကတည္းက မီဒီယာတိုက္ေတြ အဖ်က္သိမ္းခံရ၊ ရပ္နားသြားရတာေတြနဲ႔ သတင္းသမားေတြ တရားစြဲခံရ၊,Myanmar
ဖမ္းဆီးခံရ၊ ေရွာင္တိမ္းေနရၿပီး အသတ္ပါခံေနရတာေတြကို ကမၻာ့သတင္းမီဒီယာေကာင္စီက Update အေျခအေနေတြ မသိ,Myanmar
ထားတာလည္း ျဖစ္နိုင္ပါတယ္။ တကယ္တမ္းမွာ လက္ရွိ ျမန္မာသတင္းမီဒီယာေကာင္စီက တနိုင္ငံလုံးက လြတ္လပ္စြာရပ္တည္ေနတဲ့ မီဒီယာ,Myanmar
"စစ္ေကာင္စီက မီဒီယာေကာင္စီကို ျပန္မဖြဲ႕ခင္ ႏုတ္ထြက္ခဲ့တဲ့ မီဒီယာေကာင္စီဝင္တေယာက္ကေတာ့ ""အဲဒီသတင္းကိုမက်င္းပမီကတည္း",Myanmar
က နိုင္ငံျခား သတင္းေဖၚျပမွု တခုမွာ ေတြ႕လိုက္ပါတယ္။ နိုင္ငံ ၃၅ နိုင္ငံက ေကာင္စီေတြကို ဖိတ္တယ္လို႔ ဆိုတယ္။ နိုင္ငံတကာကေတာ့,Myanmar
မန္မာ့အေနအထားကို ေကာင္းေကာင္းနားမလည္တာလည္း ျဖစ္မယ္။ သို႔မဟုတ္ အဲလိုဖိတ္တဲ့အထဲ အာဏာရွင္နိုင္ငံေတြမွာ ရွိတဲ့,Myanmar
ကာင္စီေတြ ပါဝင္တာမ်ိဳးလည္း ျဖစ္ေကာင္းျဖစ္မယ္။ သူတို႔ရဲ့ စံႏွုန္းကို က်ေနာ္ေတာ့ တိတိက်က် မသိဘူး။ အခုလို လြတ္လပ္,Myanmar
"မွုမရွိတဲ့ နိုင္ငံက ေကာင္စီလည္း ပါသြားတဲ့သေဘာျဖစ္မယ္ လို႔ထင္တယ္"" လို႔ ေျပာပါတယ္",Myanmar
မန္မာနိုင္ငံမွာ စစ္တပ္အာဏာသိမ္းၿပီးေနာက္ သတင္းဌာနေတြကို ထုတ္ဝင္ခြင့္ရပ္စဲတာ၊ သတင္းေထာက္ေတြကို ဖမ္းဆီးေထာင္ခ်,Myanmar
တာ၊ သတင္းလြတ္လပ္ခြင့္ကို ပိုမိုဖိႏွိပ္ခ်ဳပ္ခ်ယ္လုပ္ေဆာင္ခဲ့သလို ျမန္မာသတင္းမီဒီယာေကာင္စီကိုလည္း စစ္ေကာင္စီဩဇာခံ သတင္း,Myanmar
စစ်ကိုင်းတိုင်း၊ မင်းကင်းမြို့နယ်မှာ မေ ၁၁ ရက် ညနေ ၄ နာရီလောက်က ပြည်သူပိုင် နွားတွေကို လာရောက်ခိုးယူခဲ့တဲ့ ပျူစောထီးအဖွဲ့ကို,Myanmar
ပြည်သူ့ကာကွယ်ရေးအဖွဲ့က လိုက်လံတိုက်ခိုက်ခဲ့တယ်လို့ ဒေသခံတွေက ပြောပါတယ်။,Myanmar
မင်းကင်းမြို့နယ် တောင်လက်ဒေသ ကူလဲကျေးရွာမှ ပျူစောထီးအဖွဲ့ဟာ အထက် စသာရွာအနီးရှိ ရွာသားတွေရဲ့နွား ၂ ကောင်ကို ခိုး,Myanmar
ယူသွားတာကြောင့် ဒေသခံပြည်သူ့ကာကွယ်ရေးတပ်ဖွဲ့က လိုက်လံတိုက်ခိုက်ခဲ့ရာကနေ တိုက်ပွဲဖြစ်ပွားခဲ့တာလို့ ဆိုပါတယ်,Myanmar
ဒီတိုက်ခိုက်မှုအတွင်း ပျူစောထီး တယောက် သေဆုံးခဲ့သလို ခိုးယူသွားခံရတဲ့ နွားတကောင်းလည်း သေဆုံးခဲ့ပြီး ပြည်သူ့ကာကွယ်ရေ,Myanmar
ဘက်ကတော့ ထိခိုက်မှုမရှိခဲ့ဘူးလို့ တိုက်ခိုက်ရေးမှာ ပါဝင်သူတစ်ဦးက ပြောပါတယ်။,Myanmar
ဒါ့အပြင် မင်းကင်းမြို့နယ်မှာ မေ ၁၀ ရက်နေ့ကလည်း တောင်တွင်းဒေသ ကျော်ရွာကျေးရွာမှာ တပ်စွဲနေထိုင်တဲ့ စစ်ကောင်စီအဖွဲ့ကို,Myanmar
ပူးပေါင်းအဖွဲ့တွေက တိုက်ခိုက်ခဲ့တာတွေရှိခဲ့သလို ဒီမနက်ပိုင်း ၅ နာရီလောက်မှာလည်း စစ်ကောင်စီတပ်နဲ့ PDF ပူးပေါင်းအဖွဲ့တို့ တိုက်ပွဲ,Myanmar
ကနီ၊ ယင်းမာပင်၊ တောင်တွင်းဒေသ (ပကဖ)အဖွဲ့တို့က ပူးပေါင်းတိုက်ခိုက်ခဲ့တာဖြစ်ပြီး စစ်ကောင်စီဘက်က ထိခိုက်မှုအခြေအနေကို မ,Myanmar
သိရသေးဘဲ PDF အဖွဲ့ဘက်ကတော့ ယင်းမာပင် ရွှေတြိဂံအဖွဲ့မှ ရဲဘော် ၂ ယောက် (မစိုးရိမ်ရ)ဒဏ်ရာ ရရှိခဲ့တယ်လို့ ပြောပါတယ်။,Myanmar
ဖိလစ်ပိုင်အာဏာရှင်ဟောင်းမားကို့စ်ရဲ့ သား ဖာဒီနန် ဘုံဘုံမားကို့စ် ဂျုနီယာဟာ အခုကျင်းပ,Myanmar
နေတဲ့ ဖိလစ်ပိုင် သမ္မတရွေးကောက်ပွဲမှာ အပြတ်အသတ်အနိုင်ရဖို့ အခြေအနေရှိနေပြီဆိုတာ,Myanmar
အသက် ၆၄နှစ်ရှိပြီဖြစ်တဲ့ အထက်လွှတ်တော်အမတ် ဘုံဘုံက အခုအချိန်အထိ မဲ ၅၆% နဲ့,Myanmar
းဆောင်နေပြီး ပြိုင်ဘက် လီနီရောဘတ်ဒိုကမဲ ၂၈ %သာရရှိထားပါတယ်။ နာမည်ကျော် လူထု,Myanmar
တော်လှန်ရေးကြောင့် သမ္မတရာထူးကနေ သူ့အဖေ ဖြုတ်ချခံရပြီးနောက်ပိုင်း ၃၆ နှစ်အကြာမှ,Myanmar
သူ့ရဲ့ မဲဆွယ်စည်းရုံးရေးမှာ သတင်းမှားတွေသုံးပြီး နိုင်အောင် လုပ်ခဲ့တယ်ဆိုတဲ့ စွပ်စွဲချက်တွေ,Myanmar
မဲပေးတဲ့သူ အရေအတွက်ကလည်း အရင်ရွေးကောက်ပွဲထက် ပိုများတယ်လို့ သိရပြီး တရားမျှ,Myanmar
တမှုရှိဖို့လည်း စီစဉ်ထားတယ်လို့ ဆိုပါတယ်။ မဲရုံတစ်ရုံအနီးမှာ လူသုံးဦး ပစ်ခတ်မှု တစ်ခုဖြစ်,Myanmar
ခဲ့ပေမယ့် တနိုင်ငံလုံးအနေနဲ့ အခြေအနေအေးအေးဆေးဆေးရှိခဲ့တယ်လို့ တာ၀န်ရှိတဲ့ သူတွေ,Myanmar
ဒါပေမယ့် မဲရုံတွေမှာ ပျက်နေတဲ့ စက်တွေနဲ့ မဲ၀ယ်တယ်လို့ စွပ်စွဲဖော်ပြထားတဲ့ ဗီဒီယိုတွေနဲ့,Myanmar
ပတ်သက်ပြီး တော့မေးခွန်းထုတ်စရာတွေ ရှိနေသေးတယ်လို့ မနီလာမြို့က ဘီဘီစီ,Myanmar
ရွေးကောက်ပွဲအကြို သဘောထားစစ်တမ်းတွေအရဆိုရင်လည်း မစ္စတာမားကို့စ်ဂျူနီယာက သူနဲ့,Myanmar
အနီးကပ်ဆုံး ပြိုင်ဘက် မစ္စရိုဘရီဒိုထက် ရာခိုင်နှုန်းများစွာ အသာရထားပါတယ်။,Myanmar
ဒီရလဒ်က သူ့ဖခင်ရဲ့ အုပ်ချုပ်မှုဟာ အကျင့်ပျက်ခြစားမှုတွေနဲ့ ဆင်းရဲမွဲတေမှုတို့ကို ဖယ်ရှားပေး,Myanmar
"ခဲ့တဲ့ ဖိလစ်ပိုင်နိုင်ငံရဲ့ ""ရွှေခေတ်""လို့ ဘုံဘုံမားကို့စ်က တစိုက်မတ်မတ် ပုံဖော် ဖော်ပြခဲ့တဲ့ ရလဒ်ဖြစ်တယ်လို့ ဝေဖန်သူတွေကတော့ ပြောနေပါတယ်။",Myanmar
သူ့ ဖခင် ဖာဒီနန်မားကို့စ်ဟာ ၁၉၆၅ ခုနှစ်မှာ သမ္မတဖြစ်လာပြီး ၁၉၇၂ ခုနှစ်မှာ စစ်အုပ်ချုပ်ရေး ချမှတ်ခဲ့ကာ ထောင်ချီတဲ့ သဘောထားကွဲလွဲသူ,Myanmar
တွေနဲ့ ဝေဖန်ရေးသမားတွေကို ထောင်ချတာတွ၊ ဖမ်းဆီးသတ်ဖြတ်တာတွေလုပ်ခဲ့တဲ့ ရက်စက် ကြမ်းကြုတ်တဲ့ အစိုးရကို ဦးဆောင်ခဲ့သူဖြစ်ပါတယ်။,Myanmar
၁၉၈၉ ခုနှစ်မှာ ကွယ်လွန်ခဲ့တဲ့ မားကို့စ်နဲ့သူ့ ဇနီးသည် အီမယ်လ်ဒါတို့ဟာ ဖိလစ်ပိုင်နိုင်ငံပိုင် ဘဏ္ဍာငွေ ခန့်မှန်းခြေ အမေရိက,Myanmar
န်ဒေါ်လာ ၁၀ ဘီလျံခိုးယူခဲ့ပြီး အကျင့်ပျက်ခြစားမှုနဲ့ပတ်သက်လို့ ကျော်ကြားတဲ့ ဥပမာပြစရာတွေ ဖြစ်ခဲ့ပါတယ်။,Myanmar
ျမန္မာနိုင္ငံနဲ႔ပတ္သက္တဲ့ သတင္းမွန္ေတြသိခ်င္ရင္ သူတို႔ကိုပဲ ဆက္သြယ္ဖို႔ စစ္ေကာင္စီက ဖြဲ႕စည္းေပးထားတဲ့ ျမန္မာနိုင္ငံ သတင္းမီ,Myanmar
ဒီယာေကာင္စီ ဥကၠ႒က ကမၻာ့သတင္းမီဒီယာေကာင္စီ အ​ေထြေထြညီလာခံမွာ ေျပာပါတယ္။,Myanmar
ကင္ညာနိုင္ငံမွာ ေမ ၃ ရက္ကစလို႔ ၆ ရက္ၾကာ က်င္းပခဲ့တဲ့ ညီလာခံမွာ စစ္ေကာင္ဩဇာခံ မီဒီယာေကာင္စီ ဥကၠ႒ျဖစ္သူ ျမင္းမူေမာင္နို,Myanmar
င္မိုးက ေျပာခဲ့တာလို႔ စစ္ေကာင္စီျပန္ၾကားေရးက သတင္းထုတ္ျပန္ပါတယ္။,Myanmar
ျမန္မာနိုင္ငံမွာျဖစ္ေနတဲ့ အေျခအေနေတြရဲ့ အရင္းခံအေၾကာင္းေတြ၊ လက္ရွိအစိုးရရဲ့ စစ္မွန္တဲ့ ဒီမိုကေရစီနိုင္ငံ တည္ေဆာက္ေ,Myanmar
ရးအတြက္ ဖြဲ႕စည္းပုံအေျခခံဥပေဒေတြနဲ႔အညီ ေဆာင္ရြက္ေနတာေတြ၊ ျပည္တြင္းျပည္ပ သတင္းမီဒီယာတခ်ိဳ႕ရဲ့ သတ,Myanmar
င္းတု သတင္းမွားေတြေၾကာင့္ ျဖစ္ခဲ့တာေတြကို ျမန္မာနိုင္ငံက တင္သြင္းတဲ့အစီရင္ခံစာမွာ ထည့္သြင္းေျပာခဲ့တယ္လို႔ ဆိုပါ,Myanmar
စစ္ေကာင္စီခန႔္ ျမန္မာနိုင္ငံ သတင္းမီဒီယာေကာင္စီ ဥကၠ႒က အဆိုပါအစည္းအေဝးမွာ ျမန္မာနိုင္ငံနဲ႔ ပတ္သက္တဲ့ သတင္းမွန္ေတြ သိ,Myanmar
ခ်င္ရင္ သူတို႔ကိုပဲ ဆက္သြယ္ဖို႔ ေျပာဆိုတာနဲ႔ ပတ္သက္ၿပီး နိုင္ငံတကာျမန္မာ့သတင္းအဖြဲ႕ (ဘီအန္အိုင္) ရဲ့ မူဝါဒေရးရာေကာ္မတီ,Myanmar
မန္မာနိုင္ငံမွာ စစ္တပ္က အာဏာသိမ္းလိုက္ၿပီးကတည္းက တႏွစ္နဲ႔ ေလးလအေတာအတြင္းမွာ ျဖစ္ပ်က္ေနတဲ့ နိုင္ငံေရးအေျခအေ,Myanmar
နေတြ၊ စစ္ေရးအေျခအေနေတြ၊ ျပည္သူလူထု အသက္အိုးအိမ္လုံျခဳံမွုေတြကို တကယ္ေဖာ္ထုတ္အသိေပးေနတာက စစ္ေကာင္စီ လ,Myanmar
က္ေအာက္က မဟုတ္တဲ့ သတင္းဌာနေတြနဲ႔ သတင္းသမားေတြပါ။ ျမန္မာသတင္းမီဒီယာေကာင္စီထံမွာ သတင္းအမွန္ဆိုတာ ရွိမွ,Myanmar
လည္း မဟုတ္သလို ေျပာလည္း မေျပာနိုင္ပါဘူး။ ဘာလို႔လဲဆိုရင္ မ်က္ေမွာက္ကာလ ျမန္မာနိုင္ငံထဲမွာ သတင္းစာရွင္းလင္းပြဲ,Myanmar
"သန့်ရှင်းပြီး ထိရောက်တဲ့ အစိုးရတစ်ရပ်ဖွဲ့စည်းပေးမယ်ဆိုတဲ့ ကတိနဲ့ သမ္မတ အရွေးခံခဲ့တဲ့ မစ္စရော် ဘရီဒိုကတော့ သူမ၏ ""ပန်းရောင်တော်လှန်ရေး"" ချီတက်ပွဲတွေလုပ်ပြီး လူတွေကို ဆွဲ",Myanmar
မွာ ေျမျပင္နယ္ေျမေတြမွာ ျဖစ္ပ်က္ေနေသာ မွန္ကန္တဲ့၊ ခိုင္လုံတဲ့ သတင္းေတြ၊ ႐ုပ္ပုံေတြ မရနိုင္ပါဘူး” လို႔ နန္းေဖာ့ေဂက,Myanmar
ရင်ဆိုင်ရနိုင်တဲ့ အခြေအတင်စကားရည်လုပွဲမျိုးတွေကိုလည်း ရှောင်ရှားခဲ့တယ်လို့ ဝေဖန်သူတွေက ထောက်ပြကြပါတယ်။,Myanmar
သူက ပေါ့ပ်ဂီတ၊ ဟာသနှင့် အကတွေ ပါဝင်ထည့်သွင်းထားတဲ့ လူထုစုဝေးပွဲတွေကို ကျင်းပခဲ့ပြီး တက်ရောက်သူတွေကိုလည်း လက်ပတ်နဲ့ တီရှပ်တွေ အလကား ၀ေပေးပါတယ်,Myanmar
လည္း မဟုတ္သလို ေျပာလည္း မေျပာနိုင္ပါဘူး။ ဘာလို႔လဲဆိုရင္ မ်က္ေမွာက္ကာလ ျမန္မာနိုင္ငံထဲမွာ သတင္းစာရွင္းလင္းပြဲ,Myanmar
သူတို့နှစ်ယောက်ရဲ့ အပြိုင်အဆိုင် မဲဆွယ်ပွဲတွေကြောင့် အခုရွေးကောက်ပွဲဟာ ဖိလစ်ပိုင်နိုင်ငံရဲ့ လူစောင့်ကြည့်မှု အများဆုံး ရွေးကောက်ပွဲတွေက တစ်ခုဖြစ်လာခဲ့ပါတယ်။,Myanmar
ကိုယ်စားလှယ်လောင်းနှစ်ဦးစလုံးက မဲပေးဖို့ မှတ်ပုံတင်ထားတဲ့ မဲဆန္ဒရှင် ထက်ဝက်နီးပါးရှိတဲ့ အသက် ၃၀အောက်တွေကို ဆွဲဆောင်စည်းရုံးခဲ့ကြပါတယ်။,Myanmar
မစ္စတာမားကို့စ်ဂျူနီယာဟာ ကပ်ရောဂါဘေးကနေ မျှော်လင့်ထားတာထက် ပိုမိုကောင်းလာတဲ့ စီးပွားရေး ရှိနေတဲ့ နိုင်ငံကို အမွေဆက်ခံလုပ်ဆောင်ရမှာ ဖြစ်ပါတယ်။,Myanmar
ဒါပေမယ့် ငွေကြေးဖောင်းပွမှု မြင့်မားနေတာကနေ ရက်စက်ကြမ်းကြုတ်တဲ့ မူးယစ်ဆေးဝါး တိုက်ဖျက်ရေး တွေလုပ်ဆောင်ခဲ့တဲ့ သမ္မတ ရိုဒရီဂို ဒူတာတေး ခေတ်လွန်အခြေအနေ,Myanmar
အလွန်ရေပန်းစားပြီး လူကြိုက်များတဲ့ပုံစံ ရှိတဲ့ မစ္စတာဒူတာတေးက နာမည်ဆိုးနဲ့ ကျော်ကြားတဲ့ မူးယစ်ဆေးဝါးတိုက်ဖျက်ရေးစစ်ပွဲကို ကြီးကြပ်ခဲ့ပြီး ရဲတပ်ဖွဲ့ဝင်တွေက,Myanmar
လူထောင်နဲ့ချီကို တရားရုံးတင်စစ်ဆေးခြင်းမပြုဘဲ သတ်ဖြတ်ခဲ့တယ်လို့ လူ့အခွင့်အရေးအဖွဲ့တွေက စွပ်စွဲထားပါတယ်။,Myanmar
ဒူတာတေးရဲ့သမီး ဆာရာ ဒူတာတေးကလည်း မားကို့စ်ဂျူနီယာနဲ့အတူ ဒုတိယသမ္မတနေရာအတွက် အရွေးခံခဲ့ရပြီး မဲအပြတ်အသတ်နဲ့ ဦးဆောင်နေတယ်ဆိုတာ,Myanmar
ဒီရွေးကောက်ပွဲက သမ္မတရွေးကောက်ပွဲ တစ်ခုတည်းမဟုတ်ဘဲ အထက်လွှတ်တော်အမတ်တွေ၊ အောက်လွှတ်တော်နဲ့ ဒေသဆိုင်ရာ ရွေးကောက်ပွဲတွေလည်း ပါဝင်ပါတယ်။,Myanmar
တာလီဘန်တွေရဲ့ အုပ်ချုပ်မှု ၈ လတာကို ကြည့်ပြီး အာဖဂန်ပြည်သူ အများအပြားဟာ သူတို့လွတ်လပ်ရေးအတွက် စစ်ရေးနည်းနဲ့ ပြန်တိုက်မှသာ ရမယ်ဆိုတာကို,Myanmar
အစ္စလာမ် အိဒ်ပွဲတော်ပြီးတဲ့အချိန် နောက်လထဲမှာ စစ်ဆင်ရေးတွေ ပြန်စနိုင်မယ်လို့ ပြောပြီး အဲဒီအချိန်မှာ သူ အာဖဂန်နစ္စတန်ကို ပြန်ဖို့လည်း စီစဉ်ထားပါတယ်။,Myanmar
တာလီဘန်တွေက ထိုးစစ်တွေကို ခပ်မြန်မြန်ဆင်နွှဲပြီး ပြီးခဲ့တဲ့နှစ် သြဂုတ်လပိုင်းမှာ နိုင်ငံတခုလုံးကို ထိန်းချုပ်လိုက်ပါတယ်။,Myanmar
အမေရိကန် ဦးဆောင်တဲ့ နေတိုး မဟာမိတ် တပ်ဖွဲ့တွေ နှစ် ၂၀ ကြာ စစ်ရေးလှုပ်ရှားမှုတွေ အဆုံးသတ်သွားချိန်မှာ တင်းမာတဲ့ အစ္စလာမ်မစ် ဝါဒီတွေက နိုင်ငံတဝန်းကို ၁၀ ရက်,Myanmar
"သူ့အစီအစဉ်နဲ့ပတ်သက်ပြီး ပထမဆုံးအကြိမ်ထုတ်ဖော်ပြောတာက ဘီဘီစီနဲ့ မေးမြန်းခန်းမှာဖြစ်ပြီး ဗိုလ်ချုပ် ဆဒတ်က ""တာလီဘန် လက်အောက်က အာဖဂန်နစ္စတန်လွတ်မြောက်ပြီး",Myanmar
"ဒီမိုကရေစီစနစ် ပြန်လည်ထူထောင်နိုင်အောင် သူနဲ့ တခြား တိုက်ပွဲဝင်သူတွေ လုပ်နိုင်စွမ်းရှိတာ အားလုံးကို လုပ်သွားမယ်"" လို့ ပြောပါတယ်။",Myanmar
"ကျွန်တော်တို့မလွတ်လပ် မချင်း၊ ကျွန်တော်တို့ရဲ့ ရွေးချယ်ပိုင်ခွင့်တွေ မရမချင်း ဆက်ပြီးတိုက်ပွဲဝင်သွားမယ်"" လို့ သူက ပြောပါတယ်။ ဘယ်တော့လောက်မှာ",Myanmar
အမျိုးသမီးတွေနဲ့ မိန်းကလေးတွေအပေါ်မှာ တင်းကျပ်တဲ့ ကန့်သတ်မှုတွေ အပါအဝင် တာလီဘန်တွေ ပြန်အသက်သွင်းလာတဲ့ ပြင်းထန်တဲ့,Myanmar
အုပ်ချုပ်မှုတွေကို ဗိုလ်ချုပ်က ထောက်ပြရင်း သူတို့ရဲ့ အာဏာရှင်အမိန့်တွေကို တားဆီးဖို့ အချိန်ရောက်နေပြီ၊ နိုင်ငံအတွက် စာမျက်နှစ်သစ် ဖွင့်ဖို့ လုပ်ရတော့မယ်လို့ ဆိုပါတယ်။,Myanmar
တာလီဘန်တို့ အုပ်ချုပ်တဲ့ ၈ လတာ ကာလအတွင်း အာဖဂန်နစ္စတန်မှာ မြင်နေရတာကတော့ နိုင်ငံရေး ရည်ရွယ်ချက်တွေ အတွက် ဘာသာရေး ကန့်သတ်ချက်တွေတင်းကျပ်တာ၊ ကုရ်အာန် ကျမ်,Myanmar
"မြတ်က စာသားတွေကို ရေးထားတဲ့ အမှန်အတိုင်းမဟုတ်ဘဲ တလွဲထုတ်နုတ် ကိုးကားတာ၊ အဓိပ္ပါယ်ကို တလွဲပြန်တာ၊ လိုသလို တလွဲအသုံးချတာတွေကိုပဲ တွေ့နေ ရတယ်။""",Myanmar
တာလီဘန်တွေ ပြောင်းလဲလာမလားလို့ စောင့်ကြည့်မယ့်အချိန်ကို သူ အရင်က ၁၂ လ လို့ စဉ်းစားထားခဲ့သေးတယ်လို့ ဗိုလ်ချုပ် ဟောင်း က ပြောပါတယ်။,Myanmar
ဒါပေမဲ့ နေ့တိုင်း တာလီဘန်တွေက လူတွေကို နှိပ်စက်နေတာ၊ သတ်ဖြတ်နေတာ၊ အပျောက်ရှင်း နေတာတွေကို တွေ့နေရသလို၊ အစားအစာရှားပါးလာတာ၊ ကလေးတွေ,Myanmar
အာဖဂန်ပြည်သူတွေဆီကနေ သူ့ကို ဘာလုပ်ကြမလဲ မေးတဲ့ မက်ဆေ့ချ်တွေက တနေ့ တနေ့ ထောင်နဲ့ချီပြီး ရောက်လာတယ် လို့လည်း သူက ပြောပါတယ်။,Myanmar
"N~g panahóng yao'y lumalagay si Capitang Tiagong isáng lalaking siyang lalong maguilas, at talastas n~g ang canyang bahay at ang canyang kinamulatang bayan ay hindî nagsásara n~g pintô canino man, liban na lamang sa m~ga calacal ó sa anó mang isip na bago ó pan~gahás.",Tagalog
Untiunting nanag-úli ang capisanang iyón sa dating catahimican.,Tagalog
"N~g m~ga hulíng taón n~g Gobierno n~g castila'y nagcaroon sa Maynílà n~g m~ga tinatawag na ""Guardia Municipal,"" na ang dalang sandata'y revolver at sable.",Tagalog
"Ang tawag na indio n~g m~ga fraile, n~g m~ga castilà at n~g m~ga lahing putî sa m~ga túbò sa Filipinas ay isáng pag-alimura at pagcutyâ sa m~ga lahing caymanggui.",Tagalog
"Ang paglalacbay sa ibang lupain n~g m~ga túbò sa isáng nación ó báyan, na siyáng cahulugán dito.",Tagalog
"At naroroon pa n~ga't nacahiwalay ang bató sa ""acera"" n~g linílicuan n~g daang San Jacinto at daang Sacristía.",Tagalog
"Lumakí ang sanggól na babae sa m~ga pag-aalagà ni tia Isabel, ang matandáng babaeng iyóng tulad sa fraile ang pakikipagcapuwà táo na nakita natin sa pasimulâ nitó.",Tagalog
Bantóg na papang nagpatanghál at nagpakináng na lubhâ sa Pontificado.,Tagalog
"Itinanóng n~g ama ang canyang m~ga anac, at ipinalalagay niya itóng higuít sa siya'y cumain.",Tagalog
"--¡Ipatáwad pô ninyó, nánay!--ang mulíng isinagót na matigás ang anyô--¿",Tagalog
"Aco'y nayáyamot na, at nakikinikinita cong acó'y macagagawâ n~g isáng dî marapat; sa pagca't hindî n~gâ nangagcacalaban ang maguing mabuting cristiano at ang matutong magmahál n~g sariling caran~galan.",Tagalog
"Sa isáng dúlo n~g salas na napapapamutihan n~g maruruming m~ga ""cortinang"" pulá, natatagò ang larawan n~g hári, na nacasábit sa pader, nacapatong sa isáng tarímang cáhoy ang isáng lúmang sillóng nacabucá ang canyáng wasác na m~",Tagalog
"Sa pagca't ang caayaayang mananalumpatìng si capitang Basilio'y nag-aanyayang saysayin dito n~g lahát ang canicanilang m~ga panucálà, maguíng pinacacalásag n~g aking cauntîan ang canyáng mahalagang pananalitâ.",Tagalog
"Silá'y limáng mga batang dalagang nan~nagmamadali ng paglacad, na nagcacacapitcapit ó nacayacap cayá sa bayawang n~g calapít",Tagalog
"¡Dáhíl diyá'y walâ sino man sumisinta sa catotohanang hubád! Magalíng ang bágay na iyán sa salitâ, mangyayari lamang sa daigdîg na pinápanaguimpan n~g cabatâan. ",Tagalog
¡Kinacailan~gang itó'y mayari n~gayón din! ¡Hindî macapagtatrabajo búcas at gágawin na ang ceremonia sa macalawa! ¡Madalî!,Tagalog
"""Dumating n~g hapong itó ang Alcalde n~g lalawigan, upang bigyán n~g cadakilaan sa canyáng pagharáp ang gagawing ""ceremonia"" búcas.",Tagalog
"Ipakita ninyo sa amin ang escuela n~g isáng bayan at sasabihin namin sa inyó cung anó ang bayang iyan.""",Tagalog
At siyá n~gâ naman: hatid sa tribunal na nácabalot sa isáng banig ang lalaking nanínilaw ó ang canyáng bangcay.,Tagalog
"Hindi matiis n~g isa't isa, sa dahil na masamang cagagawan n~g isang franciscano'y kinausap sila n~g Capitán General n~g malakíng calamigán.",Tagalog
"Maipaliliwanag naming buháy pa ang dakilang Makata ay nasasaulo nang mabuti ng kanyang mga anak ang ""Florante at Laura"".",Tagalog
"Kung nababanggit namang ganito ang ina ni Teang, ay kasunod nang agad na magugunita ang ibinalitang pagayaw sa kanya n~g matandang",Tagalog
"At maliksing umalis oras na maisakamay ni Tirso ang isang liham na nasa munting sobre, saka ang buslong yaon n~g bulaklak na pinagkaguluhan n~g m~ga katoto n~g naturang makata.",Tagalog
"Bago nagpuno ang mg̃a taga Europa dito sa Kapuluang Pilipinas, ay may sarili ng̃ paraa't ayos ng̃ pamumuno ang mg̃a tagarito.",Tagalog
"Dito sa Luzón (sa ilang lalawigan marahil) ay nananamit ang mg̃a lalaki ng̃ kanyan (barong azul) na lagpas ng̃ kaunti sa baywang, isinasara sa harap, walang liig at maikli ang mang̃ás",Tagalog
"Ang putong na ito ay iniiíkid ng̃ sari-saring paraan, na kung minsa'y wari turbante ng̃ mg̃a moro na walang bunete, at kung minsan nama'y nakapulupot na parang kubóng ng̃ sumbrero.",Tagalog
Anáng iba'y gumagamit din ng̃ garing; at sa mg̃a daliri naman ay nang̃agsisingsing ng̃ ginto't iba't ibang bató.,Tagalog
Ang kasuotang ito'y mahaba na abot hangang paa at ang mangas ay makipot na di umano'y isang kasuotang lubhang mahinhín.,Tagalog
Palibhasa't ang mg̃a Tagarito ay nang̃amamayan at may mg̃a tatag na pamahalaan ó balang̃ay ay may mg̃a hukom at tuntunin ring pinanununtunan.,Tagalog
"Ang nakamatay ng̃ isang alipin at huming̃i ng̃ tawad ay hindi pinarurusahan ng̃ lubhang mabigat, kungdi pinapagbabayad lamang sa pang̃inoon ng̃ halagá ng̃ aliping napatay saka hinahatulan ng̃ hukom ng̃ iba pang parusang kanyang magaling̃in.",Tagalog
Ang bigay-kaya ay napapa sa magulang ng̃ babae. At ang babae sa kanilang pagkadalaga ay walang ano mang tinatangkilik at kahi ma't kumikita ay sa magulang din.,Tagalog
"Ang mg̃a anák ng̃ amáng laya at ng̃ inang alipin ay nagiging alipin ang ikalawa, ikapat, ikaanim at ibp, at kung may labis na isa ay magiging gaya ng̃ sa bugtong na anák.",Tagalog
"Tungkol dito sa pagbasa't pagsulat, ayon sa mg̃a mananalaysay, ay pawang marunong bumasa't sumulat ang mg̃a lalaki't babae rito.",Tagalog
Tungkol dito sa ayos ng̃ pagsulat ng̃ mg̃a tagarito ay pinagkaroonan ng̃ iba't ibang isipan ng̃ mg̃a mananalaysay.,Tagalog
"Lahat ng̃ lupain ay may canicanyang caugalian sa pag-aasawa, at ang Pilipinas, palibhasa'y isang lupain, ay may sarili ring caugalian tungcol sa bagay na ito.",Tagalog
Sa pagdiriwang ng̃a pagkakasal ó pag-aasawa ay humaharap ang katalona ó babaylona na isang matandang babae na siyang tagapang̃asiwa sa mg̃a ganitong bagay.,Tagalog
Ang pagdiriwang ito ay hangang sa paglubog ng̃ araw at ang iba'y tumatagal ng̃ ilang araw ayon sa kalagaya't katungkulan ng̃ ikinakasal.,Tagalog
"Tungkol naman sa pagluluksa, ani Chirino, ay nagdadamit ng̃ itim ang mg̃a tagalog at hindi kumacain ng̃ carne't isda, kundi kaunting gulay lamang, at ang tawag sa ganitong pagcuculasiyón ay sipa",Tagalog
"Ang mg̃a taga Bisaya kung nagluluksa ay nag-dadamit ng̃ puti, saka nag-aahit ng̃ buhok sa ulo at gayon din sa kilay na pinakatanda ng̃ kanilang pagdaramdam.",Tagalog
"Wala man akong chuba o balabal ay naiinitan ako, sapagka't tumungga ako ng kaunting alak; ang tiyan ko'y busog sa alak; anupang ipangangailangang ko ng isang balabal na pampainit?",Tagalog
Nilimot ko ang aking karalitaan; ako'y isang tao lamang; walang kabuluhan sa akin ang lahat.,Tagalog
"Malayo pa'y nahalata na ni Matrena, na ang kanyang asawa ay naglasing.",Tagalog
Sa Ano Nabubuhay Ang Tao,Tagalog
"sa katapus-tapusan ay tinagnan ni Matrena ang suot, isinuot at napasa dakong pinto upang yumaon, nguni't agad napatigil sa galit;",Tagalog
"Siya'y aking binihisan, binalabalan at aking ipinagsama. Tumahimik ka nga, Matrena, iya'y isang kasalanan. Tayong lahat ay para-parang mamamatay.",Tagalog
Siya nga ay naghain at kanyang inihain ang kahuli-hulihang tinapay.,Tagalog
"at hindi siya nakitang ngumiti, kundi miminsan, nuong unang gabi na pahapunin siya ng asawa ni Semel.",Tagalog
"Iniunat ang kanyang paa, at nagsabing kung gayon ay sukatan mo ako, ang paa ng barini ay napa kalaki na nangailangang gumupit pa ng ibang papel bagaman ang una ay napakalaki na. Sinukat ni Semel ang talampakan, ang ibabaw ng paa at saka sinukat ang binti",Tagalog
"Nakaraan ang isang taon, dalawa, at may anim nang taon na si Mikhail ay na sa bahay ni Semel. Ang buong pamumuhay, ay di rin nagbabago.",Tagalog
"Igawa ninyo ng isang sapatos ang paang pilay at tatlo ang magaling, sapagka't kambal ay magkapara ng sukat.",Tagalog
"Sa paghahatid sa kanya nina Semel ay nalingunan si Mikhail na naka yakap ang mga kamay sa mga tuhod, ang mga mata'y nakatirik sa langit at nakangiti.",Tagalog
"Anghel ng Diyos, ang aking asawa ay namatay, na nabuwalan ng isang punong-kahoy sa gubat; ako'y walang ina, o kapatid",Tagalog
Ang sumasatao ay nalalaman ko na. Nalaman ko nuon ang hindi ipinabatid sa tao. Hindi ipinabatid sa kanya ang pagkukulang sa kanyang katawang ikinangiti ko.,Tagalog
"At nang houag mamatay sa ulán, ay gumaua nang isang cubocubohan na pinagugnay-ugnay ang mang̃a talucab nang mang̃a pagóng na pinatay niya, at totoong pinacaing̃atan na houag mamatay.",Tagalog
ang buhoc at ang balbas ay dungmarating hangang sa bayauang.,Tagalog
"Ang bagay na ito,y, totoong ipinagpipighati ni Pedro Serrano, na pipiliin ang camatayan, houag lamang magtiis nang ganoong cahirapan.",Tagalog
"caya ng̃a di mamagcano ang canilang capighatian, na culang na lamang ay malagot ang canilang hining̃a.",Tagalog
"Sa catapusan nitong mahabang panahon ay nagcataong dumaan doon ang isang sasacyang totong nalalapit asa canila, na nacaquita nang canilang pagpapausoc",Tagalog
"Ama co, ang uica ni Teodora nang isang hapong masayá nang tagarao. ¿Pagsasalitaan caya ninyo cami ng̃ayon, para nang dati, nang anomang Historia?",Tagalog
"Oo, anac co, ang sagot nang ama, datapoua,t, sayang na di natin macamtan ang caligayahan nitong matahimic na hapon.",Tagalog
"datapaoua,t, ang sagot nang ama, ay ang caniyang ninanasà ay isang malaquing caululan, cailan man ay ayao na mariring̃ig ang bagay sa paglayag.",Tagalog
"Capagca uica nito ay ipinagbilin sa isa na sa loob nang ilang oras ay paroon siya sa caniyang ama at ina, at sabihing siya,y, lumayag, at nang macarating lamang sa Inglaterra, at caracaraca,y, sila,y, magbabalic.",Tagalog
"datapoua,t, ¡laquing pagcagulat ni Robinson sa pagcaquitang uala siyang natatanao sa caliua,t, canan, sa licod at harapan, cundi pulos na tubig, at sa itaas naman ay lang̃it!",Tagalog
"Capagcaring̃ig nito ni Robinson na nacaupò sa camarote, ay naghimatay. Ang lahat ay nagsipaglimas, at nang cung mangyayari ay houag lumubog ang sasac-yan.",Tagalog
Hindi pala naaalaman nang iyong mang̃a magulang.,Tagalog
"Sinabi sa caniya, na cailan ma,y, hindi siya maguiguing mapalad, liban na lamang cung baguhin niya ang caniyang loob, at huming̃ing tauad sa caniyang mang̃a magulang. Si Robinson nama,y, umiiyac.",Tagalog
"Ang guinea ay salaping guintô na guinagamit sa Inglaterra, at ipaquiquita co sa iyo ang isa, capag tayo,y, nagbalic sa bahay.",Tagalog
"Paroon ca sa lalauigan, at itanong mo cung magcanong ibabayad sa pagsacay sa sasac-yan.",Tagalog
"Dapat talastasin na ang mg̃a paa ay gumagalaw sa paghakbang alinsunod sa laman ng̃ ulo, at sa paghakbang ó paglakad ng̃ tao, ay nakikilala ang kanyang kaugalian at kanyang mg̃a anyô.",Tagalog
Ang lumalakad ng̃ matulin ay isang taong magaslaw at mapaging̃ay.,Tagalog
Ang tabako at sigarrilyong GERMINAL ay siyang dapat hititin ng̃ Bayan pagka't siya ang laging umaabuloy sa kanyang mg̃a kapansanan.,Tagalog
"Kung ang bagong pagaayos sa Kalendariong ito na tatawaging Kalayaan, ay patitibayan ng̃ Batasang Amerikano, ang pagdidiwang natin sa ARAW NI RIZAL, ay tatama sa pangkaraniwang taon, sa ika unang araw ng̃ Inero, at sa tuwing ikapat na taon, ay tatama naman sa pista ng̃ Bagong Taon.",Tagalog
"¿Sa paggugol ng̃ mg̃a pinunong bayan sa mg̃a pananalapi, sakaling ilaan sa mg̃a walang wawang kapakanan ay maaari bang makatutol ang namamayan?",Tagalog
"Ng̃ matalos mo sa dalawang piso mong ibinayad sa sédula personal mo, sa ibinabayad mo sa amillaramiento, sa mg̃a lisensiya munisipal, sa kinikita ng̃ pamilihang bayan ibp.",Tagalog
"Kaya ikaw bayan, ay matuto kang magpahiwatig sa iyong mg̃a inihalal ó sa inyong diputado ó sa konsehal na lumabas sa inyong kapookan at ipagutos sa kanila sa pamamagitan ng̃ boong pitagan ang lahat ng̃ inaakalang ikabubuti ng̃ bayan.",Tagalog
"Ng̃ayon na ang pagsasaka sa Sangkapuluan sumulong sa dati, ay marami riyan ang nang̃ang̃amkam na ginagawa ang lahat ng̃ kaparaanan ng̃ mapasakanila ang pagaari ng̃ iba.",Tagalog
Hindi ako sumising̃il na ano mang paglilingkod ko ukol sa mg̃a bagay na nabanggit padalan lamang ako ng̃ isang selyong tig 2 sentimos sa pagsagot ko. Tang̃ing hang̃arin ko ang makatulong sa mg̃a kababayan.,Tagalog
"¿Ibig ninyong kumita ng̃ kuarta, at hangga sa 10 piso isang araw, alinsunod sa inyong magagawang sipag?",Tagalog
"Mabuting pag-aralan ng̃ lahat lalo na ng̃ mg̃a mararalita, mg̃a may lupa, mg̃a mang̃ang̃alakal, mg̃a nagpapatubo ng̃ salapi, mg̃a babaye ó dalaga ng̃ malaman nila ang paguusig sa mg̃a Hukuman ó ng̃ mg̃a dadaya sa kanila ó manguulol.",Tagalog
"Ang labas ng̃ayong bagong ABOGADO NG BAYAN bukod sa mg̃a naparagdag na Kodigo Sibil, Penal at mg̃a Procedimiento ay may bagong naparagdag ukol sa karunung̃an ng̃ pagmamatwid at pakikipagusap.",Tagalog
"Sanhi sa nangyaring pag-aaklas ng̃ mg̃a maggagawa, ang sinelasang ito, ang kanyang katang̃ian at di pangkaraniwang pagpapagawa ng̃ marami, na napalathala sa mg̃a pahayagan at ipinadalang sulat sa mg̃a may ari nito na ganito ang sinabi",Tagalog
Panukala sa Pagkakana nang Repúblika nang Pilipinas,Tagalog
"Dios sa buhay na ito, at cun ito'y maganap mo'y magcacapuri ca at cun maypuri ca na'y ipatatanghal mo ang calualhatian n~g iyong Dios.",Tagalog
"at siya lamang pagasa n~g iyong inanac; dahil sa caniya'y humahauac ca n~g buhay, pagibig at pagaari; natatamo mo ang caguinhauahan, capurihan at ang Dios.",Tagalog
"Ihanap mo ang iyong bayan n~g República, yaon bagang ang lahat na nagpupuno ay palagay n~g man~ga namamayan, at huag mong payagan cailan man ang Monarquía ang pagcacaroon baga nang hari",Tagalog
"ang lahat na cabayanan, ang lahat na bayan at ang lahat na lugal na tinubuan nino mang taga Pilipinas, cahit ano ang caniyang sinasamba at ano man ang caniyang salita, ang siyang tunay na Bayang Pilipinas na ina nating lahat.",Tagalog
"Ang man~ga taga ibang lupa ay macatatayo cailan ma't ibig nila sa lupang nasasacop nitong Capuluan, at macapaghahauac n~g hanap-buhay ó ano mang catungculan na hindi hinihin~gan nang man~ga cautusan n~g catibayang galing sa may man~ga capangyarihan dito sa Pilipinas.",Tagalog
"Ang sino mang taga Pilipinas at taga ibang lupa ay hindi mapipiit cundi siya pagbuntuhan nang man~ga hinalang may caliuanagan at catuiran na siya ang may sala, ó cun siya caya'y nasuboc sa pag gaua nang casalanan.",Tagalog
Gayon ma'y di magagaui nang ualang pahintulot ang may capangyarihan ang ano mang hayag na pagbibigay puri sa isang religión.,Tagalog
"Macapagharap na isa-isa ó pisan-pisan n~g ano mang cahin~gian sa Kapisanan (Congreso), sa Tanun~gan (Senado), sa Presidente n~g República at sa iba't ibang may capangyarihan.",Tagalog
"Pasisiyahin din naman ang pananagot na aacoin n~g m~ga Hucom at iba pang may capangyarihan na sumalansang sa m~ga catuirang itó, pati nang parusang lalapat sa canilang catauan ó nang casiraang sasapit sa canilang pag aari.",Tagalog
Umaambag na may karapatan ang mga lalaking may taglay nang m~ga casangcapang nabibilin sa núm.,Tagalog
apat cun lumampas pa hangan labinglimang libo: at lima cun lumabis pa nang paacyat.,Tagalog
Ang calabisan sa man~ga bilang na ito ay di macadadagdag pag hindi umabot sa isang libo man lamang na umaambag na may carapatan.,Tagalog
Cun magcaroon nang usapan tungcol sa tinataglay na carapatan nang alin man sa manga caharap ay ang Tribunal ang magpapasiya nang lalong matouid at sa maihatol sa oras ding yaon ay ualang macasasalangsang at macasusuay.,Tagalog
Cun ualang macatipon nang ganito carami ay pagbobotosang muli ang man~ga nagcaroon nang lalong maraming botos hangan matagpoan ang bilang na hinahanap.,Tagalog
"Magpasiya nang nauucol sa pamamahala, pagiin~gat at pagaaluas n~g m~ga pag aari n~g República at humiram sa n~galan nito n~g salapi cun baga't cailan~gan.",Tagalog
caya't ualang macaaaquiat dito sa mataas na luclucan cundi yaong m~ga piling mamamayan na nagpaquita n~g di caraniuang talas n~g isip at casipagan.,Tagalog
Macapaghaharap din naman n~g ano mang panucala tungcol sa cautusan; n~guni't ito'y gagauing palagui sa Presidente n~g República na siyang magpapadalá sa Kapisanan cun minamagaling niya.,Tagalog
Sa m~ga pagpupulong at sa iba pang nauucol sa pamamahala at cahusayan sa loob ay susundin ang m~ga Tagobiling cathain nito ring Tanun~gan.,Tagalog